bowler,runs_conceded,overs_bowled,economy
AC Gilchrist,0,0.16666666666666666,0.0
R Ravindra,7,2.0,3.5
Sachin Baby,8,1.6666666666666667,4.8
AM Rahane,5,1.0,5.0
NB Singh,18,3.5,5.142857142857143
DJ Thornely,40,7.0,5.714285714285714
LA Carseldine,6,1.0,6.0
M Manhas,42,7.0,6.0
SS Mundhe,6,1.0,6.0
MW Short,25,4.0,6.25
A Chandila,245,38.666666666666664,6.336206896551724
N Wadhera,13,2.0,6.5
KA Maharaj,39,6.0,6.5
SMSM Senanayake,211,31.666666666666668,6.663157894736842
PH Solanki,39,5.833333333333333,6.685714285714286
SM Pollock,307,45.666666666666664,6.7226277372262775
S Rana,18,2.6666666666666665,6.75
MJ Clarke,72,10.666666666666666,6.75
PD Collingwood,101,14.833333333333334,6.808988764044943
JW Hastings,66,9.666666666666666,6.8275862068965525
IS Sodhi,204,29.833333333333332,6.837988826815643
J Yadav,447,64.66666666666667,6.912371134020618
Sohail Tanvir,275,39.666666666666664,6.932773109243698
A Kumble,1089,157.0,6.936305732484076
GD McGrath,366,52.5,6.9714285714285715
SP Narine,4672,669.8333333333334,6.974869370490171
SS Iyer,7,1.0,7.0
Y Gnaneswara Rao,7,1.0,7.0
DL Vettori,894,127.33333333333333,7.020942408376964
GH Vihari,48,6.833333333333333,7.024390243902439
T Henderson,41,5.833333333333333,7.028571428571429
NJ Rimmington,20,2.8333333333333335,7.0588235294117645
MJ Santner,428,60.5,7.074380165289257
Rashid Khan,3340,470.0,7.1063829787234045
FH Edwards,160,22.5,7.111111111111111
M Muralitharan,1765,247.5,7.1313131313131315
RE van der Merwe,515,72.0,7.152777777777778
R Sharma,1100,153.0,7.189542483660131
MM Ali,900,125.16666666666667,7.1904127829560585
BMAJ Mendis,36,5.0,7.2
J Botha,818,113.33333333333333,7.2176470588235295
RN ten Doeschate,94,13.0,7.230769230769231
NL McCullum,35,4.833333333333333,7.241379310344828
T Stubbs,29,4.0,7.25
AD Mascarenhas,365,50.333333333333336,7.251655629139073
DW Steyn,2583,356.1666666666667,7.2522227421619085
R Ashwin,5435,745.0,7.295302013422819
SE Bond,225,30.833333333333332,7.297297297297297
GR Napier,28,3.8333333333333335,7.304347826086956
Harbhajan Singh,4101,561.1666666666666,7.307989307989309
KMDN Kulasekara,122,16.666666666666668,7.319999999999999
RV Patel,22,3.0,7.333333333333333
R Rampaul,319,43.5,7.333333333333333
C Nanda,58,7.833333333333333,7.404255319148937
Ankit Sharma,453,60.833333333333336,7.446575342465753
T Thushara,164,22.0,7.454545454545454
Iqbal Abdulla,1125,150.83333333333334,7.458563535911602
AG Murtaza,322,43.166666666666664,7.45945945945946
Gurkeerat Singh,97,13.0,7.461538461538462
SK Warne,1465,196.33333333333334,7.461799660441426
Mohammad Hafeez,71,9.5,7.473684210526316
C Munro,15,2.0,7.5
AR Patel,3824,509.8333333333333,7.500490356325597
SM Harwood,74,9.833333333333334,7.525423728813559
A Mishra,4193,556.0,7.5413669064748206
MP Yadav,88,11.666666666666666,7.542857142857144
M Kartik,1418,187.66666666666666,7.55595026642984
KH Pandya,2644,348.8333333333333,7.57955088389871
JP Duminy,847,111.66666666666667,7.585074626865671
SL Malinga,3486,459.0,7.594771241830065
BAW Mendis,306,40.166666666666664,7.618257261410789
Yuvraj Singh,1091,143.0,7.629370629370629
Shakib Al Hasan,1864,244.16666666666666,7.634129692832765
Tilak Varma,28,3.6666666666666665,7.636363636363637
KP Pietersen,218,28.5,7.649122807017544
DE Bollinger,716,93.33333333333333,7.671428571428572
M Ntini,257,33.5,7.6716417910447765
JJ Bumrah,3840,500.5,7.672327672327673
Washington Sundar,1335,174.0,7.672413793103448
SK Raina,1139,148.16666666666666,7.687289088863892
S Randiv,223,29.0,7.689655172413793
R Bhatia,2059,267.5,7.697196261682243
Mohammad Nabi,527,68.33333333333333,7.71219512195122
Shoaib Akhtar,54,7.0,7.714285714285714
S Nadeem,1800,233.16666666666666,7.719799857040743
RR Powar,538,69.66666666666667,7.722488038277511
YK Pathan,1443,186.83333333333334,7.723461195361284
PP Ojha,2399,309.6666666666667,7.747039827771797
STR Binny,763,98.16666666666667,7.772495755517826
SB Styris,278,35.666666666666664,7.794392523364486
RA Jadeja,4917,630.6666666666666,7.796511627906977
MM Patel,1733,222.16666666666666,7.800450112528132
S Badree,329,42.166666666666664,7.8023715415019765
MF Maharoof,532,68.0,7.823529411764706
DP Nannes,815,104.16666666666667,7.824
CV Varun,2042,260.8333333333333,7.828753993610224
GB Hogg,585,74.5,7.852348993288591
AL Menaria,144,18.333333333333332,7.854545454545455
JC Archer,1210,153.83333333333334,7.865655471289274
DJ Willey,277,35.166666666666664,7.876777251184834
RD Chahar,2165,274.6666666666667,7.882281553398058
WPUJC Vaas,364,46.0,7.913043478260869
SK Trivedi,1944,245.0,7.9346938775510205
B Kumar,5051,635.5,7.948072383949646
B Lee,1126,141.5,7.957597173144876
CK Langeveldt,199,25.0,7.96
M Theekshana,814,102.16666666666667,7.9673735725938
Imran Tahir,1729,217.0,7.967741935483871
TL Suman,198,24.833333333333332,7.973154362416108
SA Yadav,8,1.0,8.0
DAJ Bracewell,32,4.0,8.0
D du Preez,56,7.0,8.0
DJ Muthuswami,108,13.5,8.0
GD Phillips,40,5.0,8.0
RS Gavaskar,8,1.0,8.0
M Siddharth,72,9.0,8.0
VS Malik,268,33.5,8.0
Z Khan,2860,357.3333333333333,8.003731343283583
Azhar Mahmood,707,88.33333333333333,8.00377358490566
Ravi Bishnoi,1861,232.5,8.004301075268817
PV Tambe,866,108.16666666666667,8.006163328197227
R Tewatia,1117,139.5,8.007168458781361
M Morkel,2136,266.5,8.01500938086304
B Akhil,246,30.666666666666668,8.021739130434783
MN Samuels,285,35.5,8.028169014084508
NM Coulter-Nile,1125,139.66666666666666,8.054892601431982
Ankit Soni,145,18.0,8.055555555555555
RJ Harris,1085,134.33333333333334,8.076923076923077
BJ Hodge,310,38.333333333333336,8.08695652173913
Sandeep Sharma,3758,464.5,8.090419806243272
YS Chahal,4681,578.1666666666666,8.096281349091958
IC Pandey,609,75.16666666666667,8.1019955654102
AC Thomas,416,51.333333333333336,8.103896103896103
A Nehra,2537,313.0,8.105431309904153
DJM Short,23,2.8333333333333335,8.117647058823529
CRD Fernando,306,37.666666666666664,8.123893805309734
A Zampa,562,69.16666666666667,8.125301204819277
P Negi,954,117.33333333333333,8.130681818181818
Harpreet Brar,907,111.5,8.134529147982063
PP Chawla,5179,636.1666666666666,8.140948388787006
A Symonds,694,85.16666666666667,8.148727984344422
DL Chahar,2243,275.1666666666667,8.151423379769836
JD Ryder,314,38.5,8.155844155844155
KP Appanna,291,35.666666666666664,8.158878504672897
SS Sarkar,34,4.166666666666667,8.16
IK Pathan,2711,332.1666666666667,8.161565479177119
ST Jayasuriya,396,48.5,8.164948453608247
M Vijay,49,6.0,8.166666666666666
P Kumar,3342,408.6666666666667,8.177814029363784
JE Root,15,1.8333333333333333,8.181818181818182
SM Boland,56,6.833333333333333,8.195121951219512
TM Dilshan,368,44.833333333333336,8.20817843866171
RV Gomez,130,15.833333333333334,8.210526315789473
WD Parnell,968,117.83333333333333,8.214992927864216
SC Ganguly,370,44.833333333333336,8.25278810408922
BW Hilfenhaus,497,60.166666666666664,8.260387811634349
Shahid Afridi,237,28.666666666666668,8.267441860465116
JH Kallis,2348,283.8333333333333,8.272460364063418
P Dubey,91,11.0,8.272727272727273
WA Mota,98,11.833333333333334,8.28169014084507
SB Jakati,1474,177.83333333333334,8.288659793814432
M Ashwin,1182,142.5,8.294736842105262
S Gopal,1358,163.66666666666666,8.29735234215886
A Singh,639,77.0,8.2987012987013
SR Watson,2742,330.3333333333333,8.300706357214935
MC Henriques,1302,156.83333333333334,8.301806588735387
Noor Ahmad,672,80.83333333333333,8.31340206185567
RG Sharma,462,55.5,8.324324324324325
B Stanlake,200,24.0,8.333333333333334
Shashank Singh,25,3.0,8.333333333333334
PC Valthaty,207,24.833333333333332,8.335570469798657
Bipul Sharma,581,69.66666666666667,8.339712918660286
PWH de Silva,758,90.83333333333333,8.344954128440367
Harmeet Singh,747,89.5,8.346368715083798
Parvez Rasool,273,32.666666666666664,8.357142857142858
Mujeeb Ur Rahman,598,71.5,8.363636363636363
Kuldeep Yadav,2413,287.8333333333333,8.38332368268674
RP Singh,2417,288.1666666666667,8.387507229612492
R Sai Kishore,259,30.833333333333332,8.4
PM Sarvesh Kumar,42,5.0,8.4
GJ Maxwell,1311,156.0,8.403846153846153
JR Hazlewood,830,98.66666666666667,8.412162162162161
BA Bhatt,408,48.5,8.412371134020619
CH Gayle,755,89.66666666666667,8.420074349442379
AM Salvi,205,24.333333333333332,8.424657534246576
DP Vijaykumar,205,24.333333333333332,8.424657534246576
AS Roy,191,22.666666666666668,8.426470588235293
KR Mayers,59,7.0,8.428571428571429
Mustafizur Rahman,1792,212.33333333333334,8.43956043956044
AB Dinda,2103,249.16666666666666,8.440133779264213
AC Voges,76,9.0,8.444444444444445
AD Mathews,1095,129.66666666666666,8.444730077120823
CH Morris,2377,281.0,8.459074733096086
ND Doshi,79,9.333333333333334,8.464285714285714
MK Lomror,127,15.0,8.466666666666667
DT Christian,1218,143.83333333333334,8.468134414831981
CJ Green,24,2.8333333333333335,8.470588235294118
S Aravind,1057,124.66666666666667,8.47860962566845
N Rana,253,29.833333333333332,8.480446927374302
JM Kemp,58,6.833333333333333,8.487804878048781
S Sreesanth,1221,143.83333333333334,8.488991888760138
AM Nayar,323,38.0,8.5
L Balaji,2083,244.5,8.519427402862986
R Dhawan,922,108.16666666666667,8.523882896764253
TA Boult,3286,384.5,8.546163849154746
AA Chavan,339,39.666666666666664,8.546218487394958
DS Kulkarni,2513,294.0,8.547619047619047
M Pathirana,617,72.16666666666667,8.549653579676674
A Choudhary,144,16.833333333333332,8.554455445544555
P Awana,1046,122.16666666666667,8.562073669849932
K Gowtham,825,96.33333333333333,8.56401384083045
S Lamichhane,297,34.666666666666664,8.567307692307693
CJ McKay,60,7.0,8.571428571428571
JA Morkel,2409,281.0,8.572953736654805
AB McDonald,263,30.666666666666668,8.576086956521738
Anand Rajan,206,24.0,8.583333333333334
KK Cooper,789,91.83333333333333,8.591651542649728
MG Johnson,1740,202.16666666666666,8.606760098928277
MG Bracewell,95,11.0,8.636363636363637
AK Markram,173,20.0,8.65
DJ Harris,26,3.0,8.666666666666666
J Suchith,604,69.66666666666667,8.669856459330143
Mohsin Khan,698,80.5,8.670807453416149
V Shankar,344,39.666666666666664,8.672268907563026
K Goel,94,10.833333333333334,8.676923076923076
Shivam Sharma,165,19.0,8.68421052631579
DJ Bravo,4436,510.6666666666667,8.686684073107049
DJ Hooda,535,61.5,8.699186991869919
I Sharma,3255,373.8333333333333,8.707088720463664
KV Sharma,2130,244.33333333333334,8.717598908594816
J Theron,311,35.666666666666664,8.7196261682243
M Shahrukh Khan,16,1.8333333333333333,8.727272727272728
MR Marsh,803,92.0,8.728260869565217
L Ngidi,460,52.666666666666664,8.734177215189874
R Vinay Kumar,3041,348.1666666666667,8.734322642412637
RJ Peterson,70,8.0,8.75
K Kartikeya,334,38.166666666666664,8.751091703056769
C Sakariya,610,69.66666666666667,8.75598086124402
KW Richardson,479,54.666666666666664,8.762195121951219
MA Starc,1175,134.0,8.76865671641791
Mohammed Shami,3486,397.0,8.780856423173804
MM Sharma,3278,372.0,8.811827956989248
MJ McClenaghan,1839,207.83333333333334,8.848436246992783
DR Sams,528,59.666666666666664,8.849162011173185
NT Ellis,514,58.0,8.862068965517242
R Goyal,34,3.8333333333333335,8.869565217391305
SC Kuggeleijn,71,8.0,8.875
SW Tait,668,75.16666666666667,8.886917960088692
K Rabada,2652,298.0,8.899328859060402
HF Gurney,239,26.833333333333332,8.906832298136646
KMA Paul,239,26.833333333333332,8.906832298136646
SSB Magala,52,5.833333333333333,8.914285714285715
P Parameswaran,226,25.333333333333332,8.921052631578947
SS Cottrell,177,19.833333333333332,8.92436974789916
Swapnil Singh,241,27.0,8.925925925925926
UT Yadav,4442,496.8333333333333,8.940623951694063
P Sahu,152,17.0,8.941176470588236
SB Joshi,82,9.166666666666666,8.945454545454545
SB Bangar,221,24.666666666666668,8.95945945945946
S Kaul,1772,197.66666666666666,8.964586846543002
Suyash Sharma,381,42.5,8.964705882352941
KA Pollard,2200,245.16666666666666,8.973487423521414
V Kohli,371,41.333333333333336,8.975806451612902
LR Shukla,458,51.0,8.980392156862745
Simarjeet Singh,265,29.5,8.983050847457626
RS Bopara,301,33.5,8.985074626865671
S Tyagi,304,33.833333333333336,8.985221674876847
K Upadhyay,81,9.0,9.0
SE Rutherford,60,6.666666666666667,9.0
Abhishek Sharma,396,44.0,9.0
Jalaj S Saxena,27,3.0,9.0
V Pratap Singh,300,33.333333333333336,9.0
V Kaverappa,36,4.0,9.0
NLTC Perera,1031,114.5,9.004366812227074
AJ Tye,1005,111.33333333333333,9.02694610778443
JE Taylor,167,18.5,9.027027027027026
TG Southee,1774,196.33333333333334,9.035653650254668
Shivam Mavi,958,106.0,9.037735849056604
Mayank Dagar,205,22.666666666666668,9.044117647058822
J Little,341,37.666666666666664,9.053097345132745
JEC Franklin,225,24.833333333333332,9.060402684563758
FA Allen,136,15.0,9.066666666666666
Navdeep Saini,968,106.66666666666667,9.075
J Syed Mohammad,286,31.5,9.079365079365079
PJ Sangwan,1267,139.5,9.082437275985663
MS Gony,1317,145.0,9.082758620689654
Lalit Yadav,430,47.333333333333336,9.08450704225352
JL Pattinson,321,35.333333333333336,9.084905660377357
Mohammed Siraj,2894,318.5,9.086342229199373
SB Wagh,147,16.166666666666668,9.092783505154639
AU Rashid,91,10.0,9.1
YA Abdulla,311,34.166666666666664,9.102439024390245
M Markande,1081,118.66666666666667,9.109550561797752
DJG Sammy,354,38.833333333333336,9.115879828326179
S Kaushik,304,33.333333333333336,9.12
HV Patel,3215,352.5,9.120567375886525
C de Grandhomme,323,35.333333333333336,9.141509433962263
JO Holder,1489,162.66666666666666,9.153688524590164
T Natarajan,2001,218.5,9.157894736842104
Fazalhaq Farooqi,229,25.0,9.16
JD Unadkat,3219,351.3333333333333,9.16223908918406
GHS Garton,136,14.833333333333334,9.168539325842696
D Wiese,447,48.666666666666664,9.184931506849315
Avesh Khan,2010,218.66666666666666,9.192073170731708
PJ Cummins,1976,214.83333333333334,9.197827773467804
BA Stokes,1023,111.16666666666667,9.202398800599699
BCJ Cutting,430,46.666666666666664,9.214285714285715
CR Brathwaite,384,41.666666666666664,9.216000000000001
M Prasidh Krishna,1741,188.83333333333334,9.219770520741394
LS Livingstone,395,42.833333333333336,9.221789883268482
KK Ahmed,1918,207.83333333333334,9.228548516439455
DNT Zoysa,100,10.833333333333334,9.23076923076923
AB Agarkar,1174,127.16666666666667,9.231979030144167
VY Mahesh,511,55.333333333333336,9.234939759036145
Shoaib Ahmed,154,16.666666666666668,9.24
A Badoni,37,4.0,9.25
JP Faulkner,1849,199.5,9.268170426065163
O Thomas,85,9.166666666666666,9.272727272727273
AN Ahmed,515,55.5,9.27927927927928
AA Jhunjhunwala,130,14.0,9.285714285714286
A Ashish Reddy,400,43.0,9.30232558139535
LE Plunkett,228,24.5,9.306122448979592
N Burger,152,16.333333333333332,9.306122448979593
AS Raut,45,4.833333333333333,9.310344827586208
LH Ferguson,1451,155.83333333333334,9.311229946524064
VRV Singh,549,58.833333333333336,9.331444759206798
DB Ravi Teja,28,3.0,9.333333333333334
S Sandeep Warrier,257,27.5,9.345454545454546
AJ Finch,67,7.166666666666667,9.348837209302324
Umar Gul,198,21.166666666666668,9.354330708661417
DJ Hussey,485,51.833333333333336,9.356913183279742
RR Raje,214,22.833333333333332,9.372262773722628
DR Smith,825,88.0,9.375
RJ Gleeson,72,7.666666666666667,9.391304347826086
JP Behrendorff,563,59.833333333333336,9.409470752089137
Harshit Rana,590,62.666666666666664,9.414893617021278
Kamran Khan,248,26.333333333333332,9.417721518987342
Tejas Baroka,33,3.5,9.428571428571429
Arshdeep Singh,2097,222.33333333333334,9.431784107946026
Y Venugopal Rao,338,35.833333333333336,9.432558139534883
A Nortje,1614,171.0,9.43859649122807
JDP Oram,362,38.333333333333336,9.443478260869565
CR Woakes,674,71.33333333333333,9.448598130841122
C Green,675,71.33333333333333,9.462616822429908
V Viyaskanth,90,9.5,9.473684210526315
HH Pandya,2196,231.66666666666666,9.479136690647483
VR Aaron,1527,161.0,9.48447204968944
SN Thakur,2908,306.0,9.50326797385621
Naveen-ul-Haq,602,63.333333333333336,9.505263157894737
VG Arora,598,62.666666666666664,9.542553191489363
SJ Srivastava,444,46.5,9.548387096774194
OC McCoy,255,26.666666666666668,9.5625
Anureet Singh,636,66.5,9.563909774436091
Pankaj Singh,472,49.333333333333336,9.567567567567567
T Shamsi,185,19.333333333333332,9.56896551724138
Karanveer Singh,323,33.666666666666664,9.594059405940595
S Dhawan,72,7.5,9.6
HR Shokeen,320,33.333333333333336,9.6
PVD Chameera,442,46.0,9.608695652173912
Azmatullah Omarzai,194,20.166666666666668,9.6198347107438
K Yadav,85,8.833333333333334,9.622641509433961
Shahbaz Ahmed,850,88.33333333333333,9.622641509433963
BB Sran,767,79.33333333333333,9.668067226890757
KL Nagarkoti,287,29.666666666666668,9.674157303370785
M de Lange,171,17.666666666666668,9.679245283018867
AUK Pathan,63,6.5,9.692307692307692
AD Russell,2691,277.5,9.697297297297297
JDS Neesham,342,35.166666666666664,9.725118483412324
KA Jamieson,271,27.833333333333332,9.736526946107785
KC Cariappa,349,35.833333333333336,9.73953488372093
JR Hopes,562,57.666666666666664,9.745664739884393
BE Hendricks,239,24.5,9.755102040816327
Mukesh Choudhary,452,46.333333333333336,9.755395683453237
A Flintoff,106,10.833333333333334,9.784615384615384
SH Johnson,155,15.833333333333334,9.789473684210526
R McLaren,558,57.0,9.789473684210526
Umran Malik,785,80.16666666666667,9.792099792099792
Yash Dayal,933,95.16666666666667,9.80385288966725
RP Meredith,621,63.166666666666664,9.8311345646438
Ramandeep Singh,64,6.5,9.846153846153847
S Ladda,225,22.833333333333332,9.854014598540147
Akash Singh,227,23.0,9.869565217391305
SM Curran,1924,193.83333333333334,9.926053310404127
P Suyal,154,15.5,9.935483870967742
Joginder Sharma,421,42.333333333333336,9.94488188976378
D Pretorius,242,24.333333333333332,9.945205479452055
MP Stoinis,1300,130.66666666666666,9.948979591836736
Mohammad Asif,307,30.833333333333332,9.956756756756757
AS Rajpoot,844,84.66666666666667,9.968503937007874
M Jansen,732,73.33333333333333,9.981818181818182
FY Fazal,20,2.0,10.0
Monu Kumar,20,2.0,10.0
KAJ Roach,80,8.0,10.0
RS Hangargekar,60,6.0,10.0
AS Joseph,707,70.66666666666667,10.004716981132075
Arjun Tendulkar,117,11.666666666666666,10.028571428571428
N Thushara,259,25.666666666666668,10.09090909090909
I Udana,286,28.333333333333332,10.094117647058823
Akash Madhwal,431,42.666666666666664,10.1015625
KR Sen,396,39.166666666666664,10.110638297872342
A Mithun,477,47.166666666666664,10.113074204946997
SR Tendulkar,59,5.833333333333333,10.114285714285716
R Sathish,233,23.0,10.130434782608695
TU Deshpande,1275,125.83333333333333,10.132450331125828
Basil Thampi,862,85.0,10.141176470588235
CJ Jordan,1111,109.16666666666667,10.17709923664122
MA Wood,192,18.833333333333332,10.194690265486726
AF Milne,339,33.166666666666664,10.221105527638192
GC Viljoen,229,22.333333333333332,10.253731343283583
Gagandeep Singh,142,13.833333333333334,10.265060240963855
B Laughlin,284,27.666666666666668,10.265060240963855
TS Mills,349,33.833333333333336,10.31527093596059
Vijaykumar Vyshak,396,38.333333333333336,10.330434782608695
A Nel,31,3.0,10.333333333333334
KS Williamson,31,3.0,10.333333333333334
Kartik Tyagi,720,69.16666666666667,10.409638554216867
S Dube,190,18.166666666666668,10.458715596330274
KM Asif,232,22.166666666666668,10.466165413533835
V Sehwag,236,22.5,10.488888888888889
AA Kazi,21,2.0,10.5
SS Agarwal,42,4.0,10.5
AP Dole,114,10.833333333333334,10.523076923076923
R Parag,307,29.166666666666668,10.525714285714285
Jaskaran Singh,174,16.5,10.545454545454545
Sikandar Raza,146,13.833333333333334,10.55421686746988
Rasikh Salam,341,32.166666666666664,10.601036269430052
Shoaib Malik,87,8.166666666666666,10.653061224489797
D Salunkhe,80,7.5,10.666666666666666
LI Meriwala,32,3.0,10.666666666666666
Yash Thakur,702,65.66666666666667,10.690355329949238
AJ Hosein,41,3.8333333333333335,10.695652173913043
AA Noffke,41,3.8333333333333335,10.695652173913043
RJW Topley,182,17.0,10.705882352941176
LJ Wright,125,11.666666666666666,10.714285714285715
Yudhvir Singh,125,11.666666666666666,10.714285714285715
MA Khote,52,4.833333333333333,10.758620689655173
Mukesh Kumar,707,65.33333333333333,10.821428571428573
R Ninan,65,6.0,10.833333333333334
CJ Anderson,525,48.333333333333336,10.86206896551724
SD Chitnis,62,5.666666666666667,10.941176470588236
DG Nalkande,150,13.666666666666666,10.975609756097562
GS Sandhu,86,7.833333333333333,10.97872340425532
MJ Henry,183,16.666666666666668,10.979999999999999
TK Curran,432,39.333333333333336,10.983050847457626
RW Price,33,3.0,11.0
RA Shaikh,11,1.0,11.0
S Vidyut,22,2.0,11.0
MB Parmar,33,3.0,11.0
VR Iyer,145,13.166666666666666,11.012658227848101
JA Richardson,162,14.666666666666666,11.045454545454547
WG Jacks,100,9.0,11.11111111111111
RG More,63,5.666666666666667,11.117647058823529
L Ablish,76,6.833333333333333,11.121951219512196
G Coetzee,357,31.833333333333332,11.214659685863875
D Kalyankrishna,88,7.833333333333333,11.23404255319149
CJ Dala,34,3.0,11.333333333333334
LMP Simmons,34,3.0,11.333333333333334
K Khejroliya,221,19.5,11.333333333333334
Y Nagar,125,11.0,11.363636363636363
B Geeves,91,8.0,11.375
P Amarnath,241,21.166666666666668,11.385826771653543
SZ Mulani,57,5.0,11.4
Sumit Kumar,38,3.3333333333333335,11.4
Y Prithvi Raj,57,5.0,11.4
R Shukla,217,19.0,11.421052631578947
A Uniyal,67,5.833333333333333,11.485714285714286
JJ van der Wath,134,11.666666666666666,11.485714285714286
R Sanjay Yadav,23,2.0,11.5
Nithish Kumar Reddy,208,18.0,11.555555555555555
SA Abbott,104,9.0,11.555555555555555
S Narwal,203,17.5,11.6
KJ Abbott,182,15.666666666666666,11.617021276595745
K Santokie,91,7.833333333333333,11.617021276595745
R Powell,35,3.0,11.666666666666666
TM Head,113,9.666666666666666,11.689655172413794
A Kamboj,115,9.833333333333334,11.694915254237287
A Dananjaya,47,4.0,11.75
Naman Dhir,55,4.666666666666667,11.785714285714285
MK Tiwary,83,7.0,11.857142857142858
TP Sudhindra,137,11.5,11.91304347826087
RR Bose,24,2.0,12.0
RA Tripathi,12,1.0,12.0
Akash Deep,324,27.0,12.0
Gulbadin Naib,12,1.0,12.0
IC Porel,42,3.5,12.0
BJ Rohrer,12,1.0,12.0
DA Warner,2,0.16666666666666666,12.0
LRPL Taylor,24,2.0,12.0
OF Smith,179,14.833333333333334,12.067415730337078
DJ Mitchell,97,8.0,12.125
CL White,86,7.0,12.285714285714286
Vivrant Sharma,37,3.0,12.333333333333334
Abdul Samad,113,9.0,12.555555555555555
R Shepherd,260,20.5,12.682926829268293
LB Williams,74,5.833333333333333,12.685714285714287
JPR Scantlebury-Searles,89,7.0,12.714285714285714
Arshad Khan,282,22.0,12.818181818181818
MJ Suthar,26,2.0,13.0
Mandeep Singh,26,2.0,13.0
C Ganapathy,13,1.0,13.0
Aman Hakim Khan,13,1.0,13.0
VS Yeligati,61,4.666666666666667,13.071428571428571
D Jansen,53,4.0,13.25
H Sharma,62,4.666666666666667,13.285714285714285
Arshad Khan (2),25,1.8333333333333333,13.636363636363637
P Ray Barman,56,4.0,14.0
Gurnoor Brar,42,3.0,14.0
Abdur Razzak,29,2.0,14.5
Mohit Rathee,29,2.0,14.5
S Joseph,51,3.5,14.571428571428571
SPD Smith,5,0.3333333333333333,15.0
Mashrafe Mortaza,59,3.8333333333333335,15.391304347826086
KT Maphaka,90,5.833333333333333,15.428571428571429
MG Neser,62,4.0,15.5
Sunny Gupta,47,3.0,15.666666666666666
S Midhun,29,1.8333333333333333,15.818181818181818
F du Plessis,16,1.0,16.0
D Brevis,8,0.5,16.0
L Wood,94,5.833333333333333,16.114285714285714
S Sriram,49,3.0,16.333333333333332
CK Kapugedera,49,2.8333333333333335,17.294117647058822
RR Bhatkal,35,2.0,17.5
P Prasanth,18,1.0,18.0
SN Khan,6,0.3333333333333333,18.0
NA Saini,35,1.8333333333333333,19.09090909090909
B Chipli,20,1.0,20.0
LPC Silva,21,1.0,21.0
I Malhotra,23,1.0,23.0
Atharva Taide,4,0.16666666666666666,24.0
YBK Jaiswal,6,0.16666666666666666,36.0
