match_id,team1,team2,total_runs_per_match
1426268,Sunrisers Hyderabad,Royal Challengers Bangalore,549
1422126,Sunrisers Hyderabad,Mumbai Indians,523
1426280,Kolkata Knight Riders,Punjab Kings,523
1426281,Delhi Capitals,Mumbai Indians,504
419137,Chennai Super Kings,Rajasthan Royals,469
1426273,Sunrisers Hyderabad,Delhi Capitals,465
1136604,Kolkata Knight Riders,Punjab Kings,459
1359512,Lucknow Super Giants,Punjab Kings,458
1082641,Mumbai Indians,Punjab Kings,453
1216527,Punjab Kings,Rajasthan Royals,449
335983,Punjab Kings,Chennai Super Kings,447
1426269,Kolkata Knight Riders,Rajasthan Royals,447
1426278,Delhi Capitals,Gujarat Titans,444
1359498,Chennai Super Kings,Royal Challengers Bangalore,444
1426274,Kolkata Knight Riders,Royal Challengers Bangalore,443
1422138,Mumbai Indians,Delhi Capitals,439
1422134,Kolkata Knight Riders,Delhi Capitals,438
1254061,Punjab Kings,Rajasthan Royals,438
1216515,Delhi Capitals,Kolkata Knight Riders,438
1254084,Chennai Super Kings,Mumbai Indians,437
501223,Delhi Capitals,Punjab Kings,433
1359493,Sunrisers Hyderabad,Kolkata Knight Riders,433
1359526,Rajasthan Royals,Sunrisers Hyderabad,431
829795,Mumbai Indians,Royal Challengers Bangalore,431
335990,Deccan Chargers,Rajasthan Royals,431
1359520,Punjab Kings,Mumbai Indians,430
1178422,Kolkata Knight Riders,Mumbai Indians,430
1426307,Punjab Kings,Sunrisers Hyderabad,429
1304080,Rajasthan Royals,Delhi Capitals,429
734047,Chennai Super Kings,Punjab Kings,428
1254088,Mumbai Indians,Sunrisers Hyderabad,428
1304076,Rajasthan Royals,Kolkata Knight Riders,427
1426297,Gujarat Titans,Chennai Super Kings,427
1359516,Rajasthan Royals,Mumbai Indians,426
1359489,Royal Challengers Bangalore,Lucknow Super Giants,425
1426277,Chennai Super Kings,Lucknow Super Giants,423
1254072,Chennai Super Kings,Kolkata Knight Riders,422
1359480,Chennai Super Kings,Lucknow Super Giants,422
1426296,Royal Challengers Bangalore,Punjab Kings,422
1082632,Delhi Capitals,Gujarat Lions,422
1426294,Delhi Capitals,Rajasthan Royals,422
1136611,Royal Challengers Bangalore,Sunrisers Hyderabad,422
1359507,Chennai Super Kings,Kolkata Knight Riders,421
1304053,Chennai Super Kings,Lucknow Super Giants,421
1216547,Royal Challengers Bangalore,Mumbai Indians,420
419107,Mumbai Indians,Rajasthan Royals,420
733987,Punjab Kings,Chennai Super Kings,418
1304112,Lucknow Super Giants,Kolkata Knight Riders,418
734007,Sunrisers Hyderabad,Punjab Kings,416
1178410,Royal Challengers Bangalore,Kolkata Knight Riders,416
1216496,Rajasthan Royals,Chennai Super Kings,416
1136571,Rajasthan Royals,Royal Challengers Bangalore,415
1359505,Punjab Kings,Mumbai Indians,415
1304049,Royal Challengers Bangalore,Punjab Kings,413
548318,Chennai Super Kings,Royal Challengers Bangalore,413
1422121,Kolkata Knight Riders,Sunrisers Hyderabad,412
336033,Chennai Super Kings,Rajasthan Royals,412
1136584,Royal Challengers Bangalore,Chennai Super Kings,412
1359538,Delhi Capitals,Punjab Kings,411
1175372,Royal Challengers Bangalore,Kolkata Knight Riders,411
729283,Chennai Super Kings,Punjab Kings,411
1359487,Gujarat Titans,Kolkata Knight Riders,411
1426305,Lucknow Super Giants,Mumbai Indians,410
335989,Chennai Super Kings,Mumbai Indians,410
980907,Royal Challengers Bangalore,Sunrisers Hyderabad,409
1359531,Mumbai Indians,Gujarat Titans,409
548372,Delhi Capitals,Royal Challengers Bangalore,409
1426306,Royal Challengers Bangalore,Chennai Super Kings,409
1304068,Chennai Super Kings,Royal Challengers Bangalore,409
1136590,Chennai Super Kings,Delhi Capitals,409
981019,Royal Challengers Bangalore,Sunrisers Hyderabad,408
1175361,Kolkata Knight Riders,Punjab Kings,408
1136565,Kolkata Knight Riders,Chennai Super Kings,407
419112,Royal Challengers Bangalore,Punjab Kings,407
1426283,Gujarat Titans,Royal Challengers Bangalore,406
1082610,Gujarat Lions,Royal Challengers Bangalore,405
1370352,Gujarat Titans,Mumbai Indians,404
419139,Kolkata Knight Riders,Punjab Kings,404
829741,Rajasthan Royals,Punjab Kings,403
1426288,Sunrisers Hyderabad,Rajasthan Royals,401
1359543,Sunrisers Hyderabad,Mumbai Indians,401
1359515,Chennai Super Kings,Punjab Kings,401
336019,Punjab Kings,Rajasthan Royals,401
1312198,Royal Challengers Bangalore,Lucknow Super Giants,400
829737,Royal Challengers Bangalore,Mumbai Indians,400
1175363,Rajasthan Royals,Sunrisers Hyderabad,399
1422135,Gujarat Titans,Punjab Kings,399
1359528,Royal Challengers Bangalore,Mumbai Indians,399
734049,Kolkata Knight Riders,Punjab Kings,399
1359525,Gujarat Titans,Lucknow Super Giants,398
1426302,Delhi Capitals,Lucknow Super Giants,397
1082612,Punjab Kings,Mumbai Indians,397
598027,Royal Challengers Bangalore,Pune Warriors,396
1359544,Royal Challengers Bangalore,Gujarat Titans,395
1426263,Royal Challengers Bangalore,Mumbai Indians,395
1426282,Lucknow Super Giants,Rajasthan Royals,395
1426262,Rajasthan Royals,Gujarat Titans,395
829787,Rajasthan Royals,Sunrisers Hyderabad,395
1178399,Punjab Kings,Mumbai Indians,395
1304086,Sunrisers Hyderabad,Gujarat Titans,394
1304096,Delhi Capitals,Sunrisers Hyderabad,393
1254068,Punjab Kings,Delhi Capitals,393
548326,Rajasthan Royals,Deccan Chargers,393
1426267,Chennai Super Kings,Mumbai Indians,392
1082640,Gujarat Lions,Delhi Capitals,392
1304092,Chennai Super Kings,Sunrisers Hyderabad,391
1216541,Mumbai Indians,Rajasthan Royals,391
980949,Rising Pune Supergiants,Gujarat Lions,391
1136572,Punjab Kings,Chennai Super Kings,390
1175358,Delhi Capitals,Mumbai Indians,389
1136569,Mumbai Indians,Delhi Capitals,389
1359482,Punjab Kings,Rajasthan Royals,389
829811,Rajasthan Royals,Kolkata Knight Riders,389
1216517,Mumbai Indians,Punjab Kings,388
1082623,Punjab Kings,Sunrisers Hyderabad,388
419159,Punjab Kings,Chennai Super Kings,387
1178417,Royal Challengers Bangalore,Punjab Kings,387
1175365,Kolkata Knight Riders,Delhi Capitals,387
1304065,Delhi Capitals,Kolkata Knight Riders,386
980969,Royal Challengers Bangalore,Rising Pune Supergiants,386
598034,Chennai Super Kings,Kolkata Knight Riders,386
336014,Deccan Chargers,Kolkata Knight Riders,385
1370353,Gujarat Titans,Chennai Super Kings,385
1359514,Sunrisers Hyderabad,Delhi Capitals,385
1254085,Rajasthan Royals,Sunrisers Hyderabad,385
1304091,Lucknow Super Giants,Delhi Capitals,384
548366,Punjab Kings,Deccan Chargers,384
1304069,Punjab Kings,Mumbai Indians,384
598064,Punjab Kings,Royal Challengers Bangalore,384
734041,Mumbai Indians,Rajasthan Royals,384
729291,Rajasthan Royals,Punjab Kings,384
1178415,Rajasthan Royals,Delhi Capitals,384
980921,Royal Challengers Bangalore,Delhi Capitals,383
1304111,Sunrisers Hyderabad,Mumbai Indians,383
1136586,Delhi Capitals,Kolkata Knight Riders,383
1216538,Mumbai Indians,Sunrisers Hyderabad,382
548381,Kolkata Knight Riders,Chennai Super Kings,382
733999,Royal Challengers Bangalore,Rajasthan Royals,381
1082637,Punjab Kings,Gujarat Lions,381
501206,Punjab Kings,Chennai Super Kings,381
1304072,Lucknow Super Giants,Mumbai Indians,380
1136574,Mumbai Indians,Royal Challengers Bangalore,380
548329,Deccan Chargers,Delhi Capitals,380
1304098,Punjab Kings,Rajasthan Royals,379
1312197,Rajasthan Royals,Gujarat Titans,379
1254089,Chennai Super Kings,Rajasthan Royals,379
1359510,Kolkata Knight Riders,Royal Challengers Bangalore,379
1082591,Sunrisers Hyderabad,Royal Challengers Bangalore,379
1178423,Sunrisers Hyderabad,Punjab Kings,379
1304062,Punjab Kings,Gujarat Titans,379
1254059,Chennai Super Kings,Delhi Capitals,378
1136602,Delhi Capitals,Sunrisers Hyderabad,378
501213,Pune Warriors,Delhi Capitals,377
1422129,Lucknow Super Giants,Punjab Kings,377
336028,Mumbai Indians,Punjab Kings,377
392231,Chennai Super Kings,Kolkata Knight Riders,377
1426279,Royal Challengers Bangalore,Sunrisers Hyderabad,377
548342,Delhi Capitals,Mumbai Indians,377
1359540,Punjab Kings,Rajasthan Royals,376
336020,Delhi Capitals,Deccan Chargers,376
980909,Kolkata Knight Riders,Mumbai Indians,375
419116,Delhi Capitals,Chennai Super Kings,375
336009,Delhi Capitals,Chennai Super Kings,375
1178402,Mumbai Indians,Rajasthan Royals,375
1082613,Kolkata Knight Riders,Gujarat Lions,375
1426271,Mumbai Indians,Punjab Kings,375
980959,Royal Challengers Bangalore,Kolkata Knight Riders,374
598006,Mumbai Indians,Delhi Capitals,374
734029,Chennai Super Kings,Sunrisers Hyderabad,374
1082630,Delhi Capitals,Sunrisers Hyderabad,374
980953,Sunrisers Hyderabad,Royal Challengers Bangalore,373
829711,Chennai Super Kings,Sunrisers Hyderabad,373
1359539,Sunrisers Hyderabad,Royal Challengers Bangalore,373
1422137,Royal Challengers Bangalore,Rajasthan Royals,372
1426292,Kolkata Knight Riders,Lucknow Super Giants,372
1359511,Rajasthan Royals,Chennai Super Kings,372
829729,Mumbai Indians,Chennai Super Kings,372
335998,Delhi Capitals,Royal Challengers Bangalore,372
1082592,Rising Pune Supergiants,Mumbai Indians,371
1359496,Kolkata Knight Riders,Mumbai Indians,371
1359506,Royal Challengers Bangalore,Rajasthan Royals,371
1216537,Punjab Kings,Rajasthan Royals,371
1136576,Punjab Kings,Sunrisers Hyderabad,371
598025,Punjab Kings,Pune Warriors,371
598026,Chennai Super Kings,Rajasthan Royals,371
829715,Delhi Capitals,Rajasthan Royals,370
1359499,Mumbai Indians,Sunrisers Hyderabad,370
1254067,Royal Challengers Bangalore,Kolkata Knight Riders,370
419145,Royal Challengers Bangalore,Deccan Chargers,370
1082627,Sunrisers Hyderabad,Kolkata Knight Riders,370
598051,Sunrisers Hyderabad,Chennai Super Kings,369
392189,Chennai Super Kings,Delhi Capitals,369
980995,Kolkata Knight Riders,Royal Challengers Bangalore,369
1359541,Chennai Super Kings,Delhi Capitals,369
1136610,Mumbai Indians,Punjab Kings,369
1254111,Rajasthan Royals,Punjab Kings,368
1359524,Royal Challengers Bangalore,Delhi Capitals,368
1422128,Royal Challengers Bangalore,Kolkata Knight Riders,368
1136605,Delhi Capitals,Royal Challengers Bangalore,368
1175362,Mumbai Indians,Royal Challengers Bangalore,368
1178427,Punjab Kings,Kolkata Knight Riders,368
548327,Royal Challengers Bangalore,Pune Warriors,368
1082611,Sunrisers Hyderabad,Delhi Capitals,367
829791,Kolkata Knight Riders,Punjab Kings,367
1082593,Gujarat Lions,Kolkata Knight Riders,367
1359532,Sunrisers Hyderabad,Lucknow Super Giants,367
548317,Mumbai Indians,Rajasthan Royals,367
1422122,Rajasthan Royals,Lucknow Super Giants,366
548356,Royal Challengers Bangalore,Deccan Chargers,366
501210,Mumbai Indians,Kochi Tuskers Kerala,366
1082620,Rising Pune Supergiants,Kolkata Knight Riders,366
829769,Mumbai Indians,Rajasthan Royals,366
419136,Punjab Kings,Royal Challengers Bangalore,365
829799,Sunrisers Hyderabad,Punjab Kings,365
1304106,Punjab Kings,Royal Challengers Bangalore,364
829777,Rajasthan Royals,Delhi Capitals,364
1175357,Sunrisers Hyderabad,Kolkata Knight Riders,364
733991,Royal Challengers Bangalore,Punjab Kings,364
729301,Sunrisers Hyderabad,Delhi Capitals,364
1254060,Kolkata Knight Riders,Sunrisers Hyderabad,364
1216509,Chennai Super Kings,Delhi Capitals,364
548333,Delhi Capitals,Pune Warriors,364
1304084,Punjab Kings,Chennai Super Kings,363
829823,Mumbai Indians,Chennai Super Kings,363
1304055,Rajasthan Royals,Mumbai Indians,363
1304073,Royal Challengers Bangalore,Delhi Capitals,362
829773,Sunrisers Hyderabad,Chennai Super Kings,362
1422131,Delhi Capitals,Chennai Super Kings,362
980937,Gujarat Lions,Royal Challengers Bangalore,362
1426276,Mumbai Indians,Rajasthan Royals,362
598060,Mumbai Indians,Sunrisers Hyderabad,362
598054,Delhi Capitals,Royal Challengers Bangalore,362
1426261,Sunrisers Hyderabad,Punjab Kings,362
1237180,Delhi Capitals,Sunrisers Hyderabad,361
1359527,Punjab Kings,Kolkata Knight Riders,361
419125,Chennai Super Kings,Mumbai Indians,361
734027,Kolkata Knight Riders,Royal Challengers Bangalore,360
598047,Rajasthan Royals,Pune Warriors,360
1359475,Chennai Super Kings,Gujarat Titans,360
1136580,Chennai Super Kings,Sunrisers Hyderabad,360
548348,Deccan Chargers,Pune Warriors,359
392214,Chennai Super Kings,Punjab Kings,359
1136606,Sunrisers Hyderabad,Chennai Super Kings,359
1136620,Sunrisers Hyderabad,Chennai Super Kings,359
1359513,Kolkata Knight Riders,Gujarat Titans,359
1359509,Gujarat Titans,Mumbai Indians,359
1216513,Punjab Kings,Chennai Super Kings,359
733981,Delhi Capitals,Chennai Super Kings,359
1304051,Rajasthan Royals,Sunrisers Hyderabad,359
501254,Kochi Tuskers Kerala,Punjab Kings,359
980991,Punjab Kings,Sunrisers Hyderabad,359
1082597,Mumbai Indians,Kolkata Knight Riders,358
1254073,Rajasthan Royals,Royal Challengers Bangalore,358
1422127,Rajasthan Royals,Delhi Capitals,358
1178401,Kolkata Knight Riders,Delhi Capitals,358
548380,Delhi Capitals,Chennai Super Kings,358
1178421,Delhi Capitals,Royal Challengers Bangalore,358
598041,Chennai Super Kings,Punjab Kings,357
1254117,Chennai Super Kings,Kolkata Knight Riders,357
980931,Rising Pune Supergiants,Royal Challengers Bangalore,357
1136593,Chennai Super Kings,Kolkata Knight Riders,357
598042,Pune Warriors,Royal Challengers Bangalore,357
1426272,Chennai Super Kings,Lucknow Super Giants,356
1216522,Rajasthan Royals,Royal Challengers Bangalore,356
734005,Royal Challengers Bangalore,Delhi Capitals,356
1304048,Mumbai Indians,Delhi Capitals,356
829713,Kolkata Knight Riders,Royal Challengers Bangalore,356
1359497,Gujarat Titans,Rajasthan Royals,356
733983,Mumbai Indians,Royal Challengers Bangalore,355
1082615,Rising Pune Supergiants,Sunrisers Hyderabad,355
336032,Delhi Capitals,Mumbai Indians,355
501243,Deccan Chargers,Delhi Capitals,354
1422124,Punjab Kings,Royal Challengers Bangalore,354
1175359,Punjab Kings,Rajasthan Royals,354
1082606,Mumbai Indians,Gujarat Lions,353
980971,Punjab Kings,Delhi Capitals,353
336031,Punjab Kings,Deccan Chargers,353
1175364,Mumbai Indians,Punjab Kings,353
1136603,Chennai Super Kings,Rajasthan Royals,353
501267,Kolkata Knight Riders,Mumbai Indians,353
501260,Punjab Kings,Royal Challengers Bangalore,353
1178429,Sunrisers Hyderabad,Royal Challengers Bangalore,353
980941,Punjab Kings,Mumbai Indians,353
1136563,Royal Challengers Bangalore,Kolkata Knight Riders,353
501271,Chennai Super Kings,Royal Challengers Bangalore,352
1178407,Punjab Kings,Rajasthan Royals,352
980987,Royal Challengers Bangalore,Gujarat Lions,352
419156,Punjab Kings,Deccan Chargers,352
1178418,Kolkata Knight Riders,Rajasthan Royals,352
501268,Royal Challengers Bangalore,Chennai Super Kings,352
980947,Mumbai Indians,Kolkata Knight Riders,352
1136589,Royal Challengers Bangalore,Kolkata Knight Riders,351
1178416,Sunrisers Hyderabad,Chennai Super Kings,351
1304071,Kolkata Knight Riders,Sunrisers Hyderabad,351
548309,Rajasthan Royals,Punjab Kings,351
1359542,Lucknow Super Giants,Kolkata Knight Riders,351
1422120,Delhi Capitals,Punjab Kings,351
1216536,Kolkata Knight Riders,Chennai Super Kings,350
1216524,Sunrisers Hyderabad,Delhi Capitals,350
1136594,Punjab Kings,Mumbai Indians,350
1082616,Gujarat Lions,Punjab Kings,350
598045,Royal Challengers Bangalore,Punjab Kings,350
1136579,Delhi Capitals,Royal Challengers Bangalore,350
734045,Chennai Super Kings,Mumbai Indians,349
980977,Punjab Kings,Royal Challengers Bangalore,349
419128,Royal Challengers Bangalore,Delhi Capitals,349
392221,Royal Challengers Bangalore,Kolkata Knight Riders,349
1359537,Lucknow Super Giants,Mumbai Indians,349
1136597,Mumbai Indians,Kolkata Knight Riders,349
1422125,Chennai Super Kings,Gujarat Titans,349
829817,Chennai Super Kings,Mumbai Indians,349
336035,Kolkata Knight Riders,Punjab Kings,349
1304097,Mumbai Indians,Gujarat Titans,349
419110,Chennai Super Kings,Deccan Chargers,349
1422119,Royal Challengers Bangalore,Chennai Super Kings,349
419144,Kolkata Knight Riders,Delhi Capitals,348
1216531,Royal Challengers Bangalore,Punjab Kings,348
336003,Punjab Kings,Kolkata Knight Riders,347
1426293,Sunrisers Hyderabad,Mumbai Indians,347
336000,Rajasthan Royals,Kolkata Knight Riders,347
548355,Mumbai Indians,Chennai Super Kings,347
1178403,Punjab Kings,Royal Challengers Bangalore,347
1359491,Rajasthan Royals,Chennai Super Kings,347
1304070,Gujarat Titans,Rajasthan Royals,347
1426310,Royal Challengers Bangalore,Rajasthan Royals,346
501222,Kolkata Knight Riders,Royal Challengers Bangalore,346
1426284,Chennai Super Kings,Sunrisers Hyderabad,346
981005,Rising Pune Supergiants,Punjab Kings,345
981007,Gujarat Lions,Mumbai Indians,345
1359490,Delhi Capitals,Mumbai Indians,345
501211,Chennai Super Kings,Royal Challengers Bangalore,345
1136614,Sunrisers Hyderabad,Kolkata Knight Riders,345
1254114,Delhi Capitals,Chennai Super Kings,345
980951,Delhi Capitals,Kolkata Knight Riders,345
1304077,Royal Challengers Bangalore,Lucknow Super Giants,344
392188,Royal Challengers Bangalore,Deccan Chargers,344
1304089,Royal Challengers Bangalore,Gujarat Titans,344
1136577,Chennai Super Kings,Rajasthan Royals,344
1254080,Sunrisers Hyderabad,Chennai Super Kings,344
392210,Punjab Kings,Rajasthan Royals,344
548367,Royal Challengers Bangalore,Mumbai Indians,344
1175366,Sunrisers Hyderabad,Royal Challengers Bangalore,344
598037,Mumbai Indians,Punjab Kings,344
598036,Rajasthan Royals,Royal Challengers Bangalore,344
336013,Chennai Super Kings,Punjab Kings,344
980945,Delhi Capitals,Gujarat Lions,343
335996,Royal Challengers Bangalore,Chennai Super Kings,343
1237177,Mumbai Indians,Delhi Capitals,343
1178430,Chennai Super Kings,Punjab Kings,343
1178406,Royal Challengers Bangalore,Mumbai Indians,343
1254081,Rajasthan Royals,Mumbai Indians,343
829747,Delhi Capitals,Mumbai Indians,343
1082603,Gujarat Lions,Rising Pune Supergiants,343
1254098,Kolkata Knight Riders,Chennai Super Kings,343
1359479,Mumbai Indians,Royal Challengers Bangalore,343
1175367,Chennai Super Kings,Rajasthan Royals,342
734033,Punjab Kings,Rajasthan Royals,342
501220,Punjab Kings,Rajasthan Royals,342
1304059,Rajasthan Royals,Royal Challengers Bangalore,342
1136592,Delhi Capitals,Rajasthan Royals,342
1359536,Gujarat Titans,Sunrisers Hyderabad,342
1216508,Mumbai Indians,Kolkata Knight Riders,341
980927,Mumbai Indians,Royal Challengers Bangalore,341
336001,Chennai Super Kings,Delhi Capitals,341
1082601,Kolkata Knight Riders,Punjab Kings,341
392191,Royal Challengers Bangalore,Punjab Kings,341
1178426,Mumbai Indians,Sunrisers Hyderabad,341
1359485,Rajasthan Royals,Delhi Capitals,341
1254079,Royal Challengers Bangalore,Delhi Capitals,341
734011,Rajasthan Royals,Delhi Capitals,340
1304075,Chennai Super Kings,Gujarat Titans,339
1136587,Chennai Super Kings,Mumbai Indians,339
1136607,Mumbai Indians,Rajasthan Royals,339
548339,Punjab Kings,Mumbai Indians,339
733973,Mumbai Indians,Punjab Kings,338
829705,Kolkata Knight Riders,Mumbai Indians,338
419135,Kolkata Knight Riders,Deccan Chargers,338
1304113,Gujarat Titans,Royal Challengers Bangalore,338
419114,Delhi Capitals,Mumbai Indians,338
829719,Royal Challengers Bangalore,Sunrisers Hyderabad,338
1359521,Kolkata Knight Riders,Sunrisers Hyderabad,337
392216,Deccan Chargers,Punjab Kings,337
1136615,Delhi Capitals,Mumbai Indians,337
1426264,Lucknow Super Giants,Delhi Capitals,337
829805,Mumbai Indians,Kolkata Knight Riders,337
548363,Kolkata Knight Riders,Mumbai Indians,337
1359476,Punjab Kings,Kolkata Knight Riders,337
1082608,Delhi Capitals,Kolkata Knight Riders,337
419129,Rajasthan Royals,Chennai Super Kings,337
1082644,Kolkata Knight Riders,Mumbai Indians,337
1359477,Lucknow Super Giants,Delhi Capitals,336
548379,Chennai Super Kings,Mumbai Indians,336
829717,Mumbai Indians,Punjab Kings,336
501232,Royal Challengers Bangalore,Pune Warriors,336
336002,Deccan Chargers,Royal Challengers Bangalore,336
548341,Pune Warriors,Deccan Chargers,336
598070,Chennai Super Kings,Mumbai Indians,336
1136581,Mumbai Indians,Rajasthan Royals,335
598028,Punjab Kings,Delhi Capitals,335
419124,Punjab Kings,Rajasthan Royals,335
829745,Royal Challengers Bangalore,Chennai Super Kings,335
1136619,Sunrisers Hyderabad,Kolkata Knight Riders,334
1216503,Mumbai Indians,Punjab Kings,334
1136561,Mumbai Indians,Chennai Super Kings,334
1422133,Lucknow Super Giants,Royal Challengers Bangalore,334
392223,Deccan Chargers,Delhi Capitals,334
598072,Mumbai Indians,Rajasthan Royals,334
419117,Deccan Chargers,Punjab Kings,334
501253,Chennai Super Kings,Delhi Capitals,334
829723,Kolkata Knight Riders,Chennai Super Kings,334
829725,Punjab Kings,Delhi Capitals,334
335987,Rajasthan Royals,Punjab Kings,334
392196,Chennai Super Kings,Deccan Chargers,334
1359478,Rajasthan Royals,Sunrisers Hyderabad,334
1216519,Delhi Capitals,Royal Challengers Bangalore,333
729289,Kolkata Knight Riders,Delhi Capitals,333
1254086,Punjab Kings,Delhi Capitals,333
1254077,Delhi Capitals,Sunrisers Hyderabad,333
1136562,Delhi Capitals,Punjab Kings,333
392190,Kolkata Knight Riders,Rajasthan Royals,333
548344,Kolkata Knight Riders,Royal Challengers Bangalore,333
1254102,Kolkata Knight Riders,Punjab Kings,333
419162,Royal Challengers Bangalore,Mumbai Indians,333
1216542,Sunrisers Hyderabad,Punjab Kings,333
598061,Kolkata Knight Riders,Pune Warriors,333
1304095,Royal Challengers Bangalore,Chennai Super Kings,333
1426295,Lucknow Super Giants,Sunrisers Hyderabad,332
980993,Mumbai Indians,Delhi Capitals,332
1304109,Rajasthan Royals,Lucknow Super Giants,332
419120,Deccan Chargers,Delhi Capitals,332
548336,Rajasthan Royals,Royal Challengers Bangalore,332
335985,Mumbai Indians,Royal Challengers Bangalore,331
336024,Deccan Chargers,Mumbai Indians,331
1216546,Delhi Capitals,Punjab Kings,331
392235,Delhi Capitals,Mumbai Indians,331
335999,Deccan Chargers,Punjab Kings,331
1216512,Kolkata Knight Riders,Sunrisers Hyderabad,331
598012,Chennai Super Kings,Royal Challengers Bangalore,331
980999,Royal Challengers Bangalore,Punjab Kings,331
1254100,Rajasthan Royals,Sunrisers Hyderabad,331
1422136,Chennai Super Kings,Sunrisers Hyderabad,331
419140,Delhi Capitals,Royal Challengers Bangalore,331
501212,Deccan Chargers,Punjab Kings,331
734031,Mumbai Indians,Delhi Capitals,331
734017,Rajasthan Royals,Mumbai Indians,331
548324,Royal Challengers Bangalore,Rajasthan Royals,331
1254069,Chennai Super Kings,Rajasthan Royals,331
598033,Mumbai Indians,Royal Challengers Bangalore,330
1216499,Royal Challengers Bangalore,Mumbai Indians,330
829731,Sunrisers Hyderabad,Delhi Capitals,330
1422130,Sunrisers Hyderabad,Gujarat Titans,330
1422123,Gujarat Titans,Mumbai Indians,330
733979,Rajasthan Royals,Kolkata Knight Riders,330
1254101,Delhi Capitals,Royal Challengers Bangalore,330
1304067,Gujarat Titans,Sunrisers Hyderabad,330
598017,Royal Challengers Bangalore,Delhi Capitals,330
829721,Rajasthan Royals,Mumbai Indians,329
1082642,Delhi Capitals,Rising Pune Supergiants,329
501249,Rajasthan Royals,Chennai Super Kings,329
336023,Rajasthan Royals,Royal Challengers Bangalore,329
829761,Kolkata Knight Riders,Delhi Capitals,329
1136573,Kolkata Knight Riders,Delhi Capitals,329
734019,Delhi Capitals,Punjab Kings,329
729317,Mumbai Indians,Sunrisers Hyderabad,329
1216497,Kolkata Knight Riders,Delhi Capitals,329
1178412,Punjab Kings,Delhi Capitals,329
1216511,Mumbai Indians,Rajasthan Royals,329
1370350,Chennai Super Kings,Gujarat Titans,329
548331,Punjab Kings,Royal Challengers Bangalore,329
1304056,Gujarat Titans,Delhi Capitals,328
1216529,Delhi Capitals,Mumbai Indians,328
980965,Delhi Capitals,Rising Pune Supergiants,328
1216492,Mumbai Indians,Chennai Super Kings,328
392236,Royal Challengers Bangalore,Deccan Chargers,328
1082629,Rising Pune Supergiants,Gujarat Lions,328
1426300,Royal Challengers Bangalore,Delhi Capitals,327
980911,Gujarat Lions,Rising Pune Supergiants,327
548334,Mumbai Indians,Punjab Kings,327
1181766,Sunrisers Hyderabad,Delhi Capitals,327
419152,Mumbai Indians,Delhi Capitals,327
419132,Mumbai Indians,Punjab Kings,327
419127,Punjab Kings,Kolkata Knight Riders,327
336040,Chennai Super Kings,Rajasthan Royals,327
1136596,Delhi Capitals,Sunrisers Hyderabad,327
1304066,Rajasthan Royals,Lucknow Super Giants,327
1082628,Mumbai Indians,Royal Challengers Bangalore,327
501270,Royal Challengers Bangalore,Mumbai Indians,327
1359483,Kolkata Knight Riders,Royal Challengers Bangalore,327
1082594,Punjab Kings,Rising Pune Supergiants,327
1082604,Kolkata Knight Riders,Sunrisers Hyderabad,327
392228,Deccan Chargers,Kolkata Knight Riders,326
1304058,Lucknow Super Giants,Sunrisers Hyderabad,326
729315,Kolkata Knight Riders,Rajasthan Royals,326
598024,Delhi Capitals,Mumbai Indians,326
1216523,Kolkata Knight Riders,Punjab Kings,326
598001,Delhi Capitals,Rajasthan Royals,325
598011,Mumbai Indians,Pune Warriors,325
1304101,Chennai Super Kings,Delhi Capitals,325
1359481,Delhi Capitals,Gujarat Titans,325
1082605,Delhi Capitals,Punjab Kings,325
419157,Royal Challengers Bangalore,Mumbai Indians,325
1359494,Royal Challengers Bangalore,Delhi Capitals,325
981017,Gujarat Lions,Sunrisers Hyderabad,325
501244,Royal Challengers Bangalore,Punjab Kings,325
548377,Rajasthan Royals,Mumbai Indians,325
1426287,Chennai Super Kings,Punjab Kings,325
501246,Mumbai Indians,Delhi Capitals,324
1254083,Punjab Kings,Royal Challengers Bangalore,324
1216501,Kolkata Knight Riders,Chennai Super Kings,324
1359501,Royal Challengers Bangalore,Punjab Kings,324
392192,Deccan Chargers,Mumbai Indians,324
1426266,Lucknow Super Giants,Kolkata Knight Riders,323
1304060,Mumbai Indians,Kolkata Knight Riders,323
501200,Kochi Tuskers Kerala,Royal Challengers Bangalore,323
980905,Punjab Kings,Gujarat Lions,323
598048,Royal Challengers Bangalore,Sunrisers Hyderabad,323
1136575,Rajasthan Royals,Kolkata Knight Riders,323
1082625,Gujarat Lions,Mumbai Indians,323
419133,Chennai Super Kings,Royal Challengers Bangalore,323
1426309,Sunrisers Hyderabad,Kolkata Knight Riders,323
1178404,Kolkata Knight Riders,Chennai Super Kings,323
1178411,Mumbai Indians,Rajasthan Royals,323
980975,Kolkata Knight Riders,Gujarat Lions,322
1254090,Royal Challengers Bangalore,Punjab Kings,322
1216500,Delhi Capitals,Rajasthan Royals,322
1175369,Royal Challengers Bangalore,Rajasthan Royals,322
980939,Rising Pune Supergiants,Kolkata Knight Riders,322
419148,Royal Challengers Bangalore,Kolkata Knight Riders,322
1216530,Kolkata Knight Riders,Rajasthan Royals,322
1216516,Sunrisers Hyderabad,Chennai Super Kings,321
1178420,Sunrisers Hyderabad,Rajasthan Royals,321
1178414,Royal Challengers Bangalore,Chennai Super Kings,321
1216507,Sunrisers Hyderabad,Rajasthan Royals,321
598029,Kolkata Knight Riders,Mumbai Indians,321
733985,Delhi Capitals,Kolkata Knight Riders,321
734037,Kolkata Knight Riders,Sunrisers Hyderabad,321
734021,Sunrisers Hyderabad,Royal Challengers Bangalore,321
548350,Royal Challengers Bangalore,Punjab Kings,321
1082622,Kolkata Knight Riders,Delhi Capitals,321
829775,Punjab Kings,Mumbai Indians,321
501227,Delhi Capitals,Royal Challengers Bangalore,321
1304104,Rajasthan Royals,Delhi Capitals,321
980963,Kolkata Knight Riders,Punjab Kings,321
980957,Rising Pune Supergiants,Mumbai Indians,320
1359495,Lucknow Super Giants,Punjab Kings,320
829793,Delhi Capitals,Sunrisers Hyderabad,320
501221,Mumbai Indians,Chennai Super Kings,320
501216,Delhi Capitals,Deccan Chargers,320
981009,Kolkata Knight Riders,Sunrisers Hyderabad,320
1178413,Kolkata Knight Riders,Sunrisers Hyderabad,320
335995,Punjab Kings,Delhi Capitals,320
1136591,Royal Challengers Bangalore,Mumbai Indians,320
1082639,Punjab Kings,Kolkata Knight Riders,320
981003,Delhi Capitals,Sunrisers Hyderabad,319
1304050,Lucknow Super Giants,Gujarat Titans,319
501209,Rajasthan Royals,Kolkata Knight Riders,319
1304090,Rajasthan Royals,Mumbai Indians,319
1216493,Delhi Capitals,Punjab Kings,319
1254058,Mumbai Indians,Royal Challengers Bangalore,319
548321,Delhi Capitals,Deccan Chargers,319
598030,Chennai Super Kings,Sunrisers Hyderabad,319
1304115,Delhi Capitals,Mumbai Indians,319
1312199,Royal Challengers Bangalore,Rajasthan Royals,318
501239,Deccan Chargers,Kolkata Knight Riders,318
980933,Delhi Capitals,Mumbai Indians,318
1136601,Mumbai Indians,Kolkata Knight Riders,318
598063,Mumbai Indians,Rajasthan Royals,318
1175368,Punjab Kings,Delhi Capitals,318
548368,Kolkata Knight Riders,Chennai Super Kings,318
734001,Sunrisers Hyderabad,Mumbai Indians,317
1136578,Kolkata Knight Riders,Punjab Kings,317
1082636,Royal Challengers Bangalore,Kolkata Knight Riders,317
501208,Deccan Chargers,Royal Challengers Bangalore,317
1304116,Sunrisers Hyderabad,Punjab Kings,317
1304100,Royal Challengers Bangalore,Sunrisers Hyderabad,317
501203,Kolkata Knight Riders,Deccan Chargers,317
1082600,Mumbai Indians,Sunrisers Hyderabad,317
1082618,Mumbai Indians,Rising Pune Supergiants,317
829789,Chennai Super Kings,Mumbai Indians,317
981013,Gujarat Lions,Royal Challengers Bangalore,317
733995,Mumbai Indians,Chennai Super Kings,317
419141,Deccan Chargers,Rajasthan Royals,316
1216534,Royal Challengers Bangalore,Sunrisers Hyderabad,316
598066,Punjab Kings,Mumbai Indians,316
1359486,Mumbai Indians,Chennai Super Kings,316
336015,Rajasthan Royals,Delhi Capitals,315
734025,Punjab Kings,Mumbai Indians,315
548359,Deccan Chargers,Punjab Kings,315
1216510,Punjab Kings,Royal Challengers Bangalore,315
548330,Chennai Super Kings,Pune Warriors,315
1426311,Sunrisers Hyderabad,Rajasthan Royals,314
419165,Chennai Super Kings,Mumbai Indians,314
1254096,Mumbai Indians,Kolkata Knight Riders,314
501264,Punjab Kings,Deccan Chargers,314
336018,Mumbai Indians,Chennai Super Kings,314
1426289,Kolkata Knight Riders,Mumbai Indians,314
419131,Delhi Capitals,Kolkata Knight Riders,314
734035,Royal Challengers Bangalore,Chennai Super Kings,314
729295,Punjab Kings,Sunrisers Hyderabad,314
829785,Royal Challengers Bangalore,Punjab Kings,314
1216528,Chennai Super Kings,Sunrisers Hyderabad,314
829733,Punjab Kings,Kolkata Knight Riders,314
1136568,Punjab Kings,Royal Challengers Bangalore,314
1254113,Royal Challengers Bangalore,Chennai Super Kings,313
829735,Rajasthan Royals,Chennai Super Kings,313
1237181,Delhi Capitals,Mumbai Indians,313
598035,Delhi Capitals,Pune Warriors,313
1136618,Kolkata Knight Riders,Rajasthan Royals,313
733977,Royal Challengers Bangalore,Sunrisers Hyderabad,313
1082599,Rising Pune Supergiants,Delhi Capitals,313
1082609,Sunrisers Hyderabad,Punjab Kings,313
1082631,Kolkata Knight Riders,Rising Pune Supergiants,313
1254076,Chennai Super Kings,Royal Challengers Bangalore,313
336026,Royal Challengers Bangalore,Delhi Capitals,312
1216514,Rajasthan Royals,Royal Challengers Bangalore,312
548311,Deccan Chargers,Chennai Super Kings,312
419146,Punjab Kings,Mumbai Indians,312
598013,Kolkata Knight Riders,Sunrisers Hyderabad,312
598008,Royal Challengers Bangalore,Kolkata Knight Riders,312
1082643,Gujarat Lions,Sunrisers Hyderabad,312
1136616,Punjab Kings,Chennai Super Kings,312
1082646,Delhi Capitals,Royal Challengers Bangalore,312
419150,Rajasthan Royals,Mumbai Indians,311
419106,Deccan Chargers,Kolkata Knight Riders,311
392181,Chennai Super Kings,Mumbai Indians,311
501236,Chennai Super Kings,Deccan Chargers,311
1304079,Mumbai Indians,Chennai Super Kings,311
501257,Punjab Kings,Delhi Capitals,311
392211,Delhi Capitals,Kolkata Knight Riders,311
548322,Pune Warriors,Chennai Super Kings,311
548362,Pune Warriors,Royal Challengers Bangalore,311
1216504,Kolkata Knight Riders,Rajasthan Royals,311
419122,Mumbai Indians,Kolkata Knight Riders,311
548354,Punjab Kings,Rajasthan Royals,311
548313,Pune Warriors,Punjab Kings,310
734023,Kolkata Knight Riders,Chennai Super Kings,310
598016,Punjab Kings,Kolkata Knight Riders,310
1426285,Delhi Capitals,Kolkata Knight Riders,310
419143,Rajasthan Royals,Punjab Kings,310
1304093,Rajasthan Royals,Kolkata Knight Riders,310
597999,Royal Challengers Bangalore,Mumbai Indians,310
1254082,Kolkata Knight Riders,Delhi Capitals,310
1216518,Rajasthan Royals,Sunrisers Hyderabad,310
548352,Chennai Super Kings,Deccan Chargers,310
336034,Royal Challengers Bangalore,Deccan Chargers,309
1216543,Delhi Capitals,Rajasthan Royals,309
598049,Rajasthan Royals,Delhi Capitals,309
335994,Mumbai Indians,Deccan Chargers,309
1216532,Sunrisers Hyderabad,Delhi Capitals,309
419134,Delhi Capitals,Rajasthan Royals,309
1304063,Chennai Super Kings,Sunrisers Hyderabad,309
733975,Delhi Capitals,Rajasthan Royals,308
392206,Chennai Super Kings,Delhi Capitals,308
501224,Deccan Chargers,Mumbai Indians,307
1359529,Chennai Super Kings,Delhi Capitals,307
392207,Punjab Kings,Kolkata Knight Riders,307
392237,Delhi Capitals,Deccan Chargers,307
1359492,Punjab Kings,Gujarat Titans,307
548357,Delhi Capitals,Kolkata Knight Riders,307
1216506,Punjab Kings,Chennai Super Kings,307
1136598,Rajasthan Royals,Punjab Kings,307
598067,Pune Warriors,Delhi Capitals,306
1178400,Rajasthan Royals,Chennai Super Kings,306
419119,Mumbai Indians,Royal Challengers Bangalore,306
419123,Royal Challengers Bangalore,Chennai Super Kings,306
419142,Chennai Super Kings,Mumbai Indians,306
1304057,Punjab Kings,Chennai Super Kings,306
548312,Rajasthan Royals,Kolkata Knight Riders,306
1426291,Chennai Super Kings,Punjab Kings,306
1216539,Delhi Capitals,Chennai Super Kings,306
1216540,Royal Challengers Bangalore,Kolkata Knight Riders,306
1216505,Royal Challengers Bangalore,Delhi Capitals,306
548378,Delhi Capitals,Kolkata Knight Riders,306
980919,Punjab Kings,Rising Pune Supergiants,305
548343,Chennai Super Kings,Punjab Kings,305
829783,Mumbai Indians,Delhi Capitals,305
980981,Royal Challengers Bangalore,Mumbai Indians,304
501198,Chennai Super Kings,Kolkata Knight Riders,304
1304061,Delhi Capitals,Lucknow Super Giants,304
335982,Royal Challengers Bangalore,Kolkata Knight Riders,304
1082647,Mumbai Indians,Rising Pune Supergiants,304
1304081,Gujarat Titans,Kolkata Knight Riders,304
501204,Rajasthan Royals,Delhi Capitals,303
419130,Deccan Chargers,Mumbai Indians,303
1359533,Punjab Kings,Delhi Capitals,303
598062,Chennai Super Kings,Delhi Capitals,303
1175370,Mumbai Indians,Chennai Super Kings,303
1304074,Punjab Kings,Sunrisers Hyderabad,303
1304064,Mumbai Indians,Royal Challengers Bangalore,303
548345,Delhi Capitals,Rajasthan Royals,303
1254103,Rajasthan Royals,Royal Challengers Bangalore,302
419118,Rajasthan Royals,Kolkata Knight Riders,302
829797,Chennai Super Kings,Rajasthan Royals,302
981015,Sunrisers Hyderabad,Kolkata Knight Riders,302
1178395,Royal Challengers Bangalore,Delhi Capitals,301
1304114,Chennai Super Kings,Rajasthan Royals,301
1178397,Sunrisers Hyderabad,Punjab Kings,301
1216525,Royal Challengers Bangalore,Chennai Super Kings,301
1304110,Delhi Capitals,Punjab Kings,301
1136600,Rajasthan Royals,Punjab Kings,301
1304083,Lucknow Super Giants,Mumbai Indians,300
1359530,Kolkata Knight Riders,Rajasthan Royals,300
1304107,Kolkata Knight Riders,Sunrisers Hyderabad,300
1216495,Mumbai Indians,Sunrisers Hyderabad,300
501207,Pune Warriors,Kochi Tuskers Kerala,299
1216520,Kolkata Knight Riders,Punjab Kings,299
1082595,Royal Challengers Bangalore,Delhi Capitals,299
829707,Chennai Super Kings,Delhi Capitals,299
733997,Punjab Kings,Kolkata Knight Riders,299
419126,Rajasthan Royals,Deccan Chargers,299
392208,Royal Challengers Bangalore,Mumbai Indians,299
598031,Kolkata Knight Riders,Punjab Kings,299
392194,Royal Challengers Bangalore,Delhi Capitals,299
980961,Gujarat Lions,Delhi Capitals,299
501241,Pune Warriors,Mumbai Indians,299
1426265,Punjab Kings,Rajasthan Royals,299
1426290,Gujarat Titans,Royal Challengers Bangalore,299
829781,Kolkata Knight Riders,Sunrisers Hyderabad,299
335993,Chennai Super Kings,Kolkata Knight Riders,299
734043,Punjab Kings,Kolkata Knight Riders,298
829709,Punjab Kings,Rajasthan Royals,298
335991,Punjab Kings,Mumbai Indians,298
392201,Deccan Chargers,Delhi Capitals,298
392227,Chennai Super Kings,Mumbai Indians,298
392218,Royal Challengers Bangalore,Mumbai Indians,298
1136613,Rajasthan Royals,Royal Challengers Bangalore,298
1178393,Chennai Super Kings,Punjab Kings,298
1136567,Mumbai Indians,Sunrisers Hyderabad,298
1082598,Punjab Kings,Royal Challengers Bangalore,298
1181767,Delhi Capitals,Chennai Super Kings,298
1359500,Lucknow Super Giants,Rajasthan Royals,298
729299,Royal Challengers Bangalore,Kolkata Knight Riders,298
734003,Chennai Super Kings,Rajasthan Royals,297
1254064,Delhi Capitals,Rajasthan Royals,297
501252,Rajasthan Royals,Royal Challengers Bangalore,297
1216526,Kolkata Knight Riders,Mumbai Indians,297
1181768,Mumbai Indians,Chennai Super Kings,297
1175360,Delhi Capitals,Chennai Super Kings,297
336027,Kolkata Knight Riders,Rajasthan Royals,297
980983,Sunrisers Hyderabad,Delhi Capitals,296
501240,Chennai Super Kings,Rajasthan Royals,296
1304087,Kolkata Knight Riders,Delhi Capitals,296
1178409,Mumbai Indians,Delhi Capitals,296
1426298,Kolkata Knight Riders,Mumbai Indians,296
598004,Sunrisers Hyderabad,Royal Challengers Bangalore,295
392238,Royal Challengers Bangalore,Chennai Super Kings,295
501242,Kochi Tuskers Kerala,Kolkata Knight Riders,295
548365,Rajasthan Royals,Pune Warriors,295
1082607,Royal Challengers Bangalore,Rising Pune Supergiants,295
1216544,Royal Challengers Bangalore,Chennai Super Kings,295
336037,Deccan Chargers,Chennai Super Kings,295
336004,Mumbai Indians,Delhi Capitals,295
501237,Mumbai Indians,Punjab Kings,295
501269,Mumbai Indians,Kolkata Knight Riders,295
548310,Royal Challengers Bangalore,Delhi Capitals,294
598015,Chennai Super Kings,Pune Warriors,294
829751,Mumbai Indians,Sunrisers Hyderabad,294
548337,Pune Warriors,Delhi Capitals,294
1254062,Mumbai Indians,Kolkata Knight Riders,294
548332,Chennai Super Kings,Rajasthan Royals,293
548353,Kolkata Knight Riders,Pune Warriors,293
419138,Mumbai Indians,Deccan Chargers,293
598009,Pune Warriors,Rajasthan Royals,293
501261,Chennai Super Kings,Kochi Tuskers Kerala,293
1422139,Lucknow Super Giants,Gujarat Titans,293
829739,Delhi Capitals,Kolkata Knight Riders,293
1254104,Chennai Super Kings,Mumbai Indians,292
1254063,Royal Challengers Bangalore,Sunrisers Hyderabad,292
336007,Chennai Super Kings,Deccan Chargers,292
598052,Punjab Kings,Rajasthan Royals,292
598038,Pune Warriors,Chennai Super Kings,291
1136588,Sunrisers Hyderabad,Rajasthan Royals,291
729281,Delhi Capitals,Royal Challengers Bangalore,291
419121,Chennai Super Kings,Punjab Kings,291
1359535,Chennai Super Kings,Kolkata Knight Riders,291
336036,Rajasthan Royals,Mumbai Indians,291
729311,Sunrisers Hyderabad,Chennai Super Kings,291
980917,Mumbai Indians,Gujarat Lions,290
598032,Rajasthan Royals,Sunrisers Hyderabad,290
1136612,Delhi Capitals,Chennai Super Kings,290
392198,Delhi Capitals,Rajasthan Royals,290
392202,Chennai Super Kings,Rajasthan Royals,290
829819,Royal Challengers Bangalore,Rajasthan Royals,289
419151,Deccan Chargers,Royal Challengers Bangalore,289
1426286,Mumbai Indians,Lucknow Super Giants,289
1426303,Rajasthan Royals,Punjab Kings,289
980935,Sunrisers Hyderabad,Punjab Kings,289
392225,Mumbai Indians,Rajasthan Royals,288
1359488,Punjab Kings,Sunrisers Hyderabad,288
548315,Royal Challengers Bangalore,Kolkata Knight Riders,288
734015,Sunrisers Hyderabad,Kolkata Knight Riders,288
419108,Punjab Kings,Delhi Capitals,288
980915,Sunrisers Hyderabad,Kolkata Knight Riders,288
1426275,Punjab Kings,Gujarat Titans,288
1304094,Gujarat Titans,Punjab Kings,288
598002,Chennai Super Kings,Mumbai Indians,287
336016,Punjab Kings,Royal Challengers Bangalore,287
1136599,Sunrisers Hyderabad,Royal Challengers Bangalore,287
980923,Sunrisers Hyderabad,Mumbai Indians,287
392203,Kolkata Knight Riders,Mumbai Indians,287
1216545,Sunrisers Hyderabad,Kolkata Knight Riders,287
1254066,Mumbai Indians,Sunrisers Hyderabad,287
501235,Rajasthan Royals,Pune Warriors,287
1082602,Royal Challengers Bangalore,Mumbai Indians,287
829753,Chennai Super Kings,Punjab Kings,287
1136609,Rajasthan Royals,Kolkata Knight Riders,287
548374,Punjab Kings,Delhi Capitals,286
501228,Pune Warriors,Chennai Super Kings,286
1304088,Lucknow Super Giants,Punjab Kings,286
1426299,Rajasthan Royals,Chennai Super Kings,286
392230,Delhi Capitals,Rajasthan Royals,286
980955,Gujarat Lions,Punjab Kings,285
335988,Deccan Chargers,Delhi Capitals,285
548349,Rajasthan Royals,Delhi Capitals,285
598058,Rajasthan Royals,Chennai Super Kings,285
729279,Mumbai Indians,Kolkata Knight Riders,285
1082634,Sunrisers Hyderabad,Rising Pune Supergiants,284
392205,Deccan Chargers,Rajasthan Royals,283
1370351,Mumbai Indians,Lucknow Super Giants,283
729303,Chennai Super Kings,Mumbai Indians,283
419111,Rajasthan Royals,Delhi Capitals,283
501205,Royal Challengers Bangalore,Mumbai Indians,283
548360,Mumbai Indians,Royal Challengers Bangalore,283
734009,Kolkata Knight Riders,Mumbai Indians,283
392197,Kolkata Knight Riders,Mumbai Indians,282
419153,Chennai Super Kings,Kolkata Knight Riders,282
1136582,Punjab Kings,Delhi Capitals,282
392199,Royal Challengers Bangalore,Kolkata Knight Riders,282
392204,Royal Challengers Bangalore,Punjab Kings,282
392217,Chennai Super Kings,Rajasthan Royals,281
336011,Rajasthan Royals,Deccan Chargers,281
1359508,Delhi Capitals,Sunrisers Hyderabad,281
501238,Delhi Capitals,Kochi Tuskers Kerala,281
392239,Royal Challengers Bangalore,Deccan Chargers,280
734013,Chennai Super Kings,Royal Challengers Bangalore,280
548314,Deccan Chargers,Mumbai Indians,280
829759,Punjab Kings,Sunrisers Hyderabad,280
419160,Delhi Capitals,Deccan Chargers,279
501230,Delhi Capitals,Kolkata Knight Riders,279
980925,Punjab Kings,Kolkata Knight Riders,279
829821,Chennai Super Kings,Royal Challengers Bangalore,279
548347,Chennai Super Kings,Kolkata Knight Riders,279
1136617,Sunrisers Hyderabad,Chennai Super Kings,279
392220,Deccan Chargers,Rajasthan Royals,279
1359523,Mumbai Indians,Chennai Super Kings,279
1178396,Rajasthan Royals,Kolkata Knight Riders,279
336038,Delhi Capitals,Rajasthan Royals,279
1254095,Sunrisers Hyderabad,Royal Challengers Bangalore,278
1426260,Kolkata Knight Riders,Chennai Super Kings,278
392209,Chennai Super Kings,Deccan Chargers,278
501199,Deccan Chargers,Rajasthan Royals,278
1304102,Kolkata Knight Riders,Mumbai Indians,278
1082635,Delhi Capitals,Mumbai Indians,278
1304054,Punjab Kings,Kolkata Knight Riders,278
1082638,Sunrisers Hyderabad,Mumbai Indians,278
1178425,Chennai Super Kings,Delhi Capitals,278
1136570,Kolkata Knight Riders,Sunrisers Hyderabad,277
598007,Punjab Kings,Chennai Super Kings,277
1254115,Royal Challengers Bangalore,Kolkata Knight Riders,277
829743,Sunrisers Hyderabad,Kolkata Knight Riders,277
1304099,Lucknow Super Giants,Kolkata Knight Riders,277
981011,Delhi Capitals,Royal Challengers Bangalore,277
419147,Deccan Chargers,Chennai Super Kings,277
501233,Kochi Tuskers Kerala,Delhi Capitals,276
1254108,Royal Challengers Bangalore,Mumbai Indians,276
548369,Delhi Capitals,Punjab Kings,276
335997,Kolkata Knight Riders,Mumbai Indians,275
1254097,Delhi Capitals,Rajasthan Royals,275
1254070,Mumbai Indians,Delhi Capitals,275
1254110,Chennai Super Kings,Delhi Capitals,275
598050,Mumbai Indians,Kolkata Knight Riders,275
1082596,Sunrisers Hyderabad,Gujarat Lions,275
501259,Pune Warriors,Deccan Chargers,274
598040,Delhi Capitals,Kolkata Knight Riders,273
419113,Kolkata Knight Riders,Chennai Super Kings,273
598073,Chennai Super Kings,Mumbai Indians,273
729297,Rajasthan Royals,Chennai Super Kings,273
501250,Deccan Chargers,Pune Warriors,273
1254091,Sunrisers Hyderabad,Chennai Super Kings,273
1254105,Sunrisers Hyderabad,Delhi Capitals,273
1254094,Chennai Super Kings,Punjab Kings,273
335992,Royal Challengers Bangalore,Rajasthan Royals,273
980929,Gujarat Lions,Sunrisers Hyderabad,272
829779,Chennai Super Kings,Royal Challengers Bangalore,272
1254099,Punjab Kings,Mumbai Indians,272
1359503,Sunrisers Hyderabad,Chennai Super Kings,272
1254116,Delhi Capitals,Kolkata Knight Riders,271
598019,Rajasthan Royals,Mumbai Indians,271
419109,Kolkata Knight Riders,Royal Challengers Bangalore,271
1178405,Delhi Capitals,Sunrisers Hyderabad,271
392212,Deccan Chargers,Mumbai Indians,271
1304108,Chennai Super Kings,Gujarat Titans,270
980979,Rising Pune Supergiants,Sunrisers Hyderabad,270
598056,Punjab Kings,Sunrisers Hyderabad,270
1082614,Mumbai Indians,Delhi Capitals,270
1082621,Royal Challengers Bangalore,Gujarat Lions,269
392232,Royal Challengers Bangalore,Delhi Capitals,269
598005,Rajasthan Royals,Kolkata Knight Riders,269
1178408,Chennai Super Kings,Sunrisers Hyderabad,269
980973,Mumbai Indians,Sunrisers Hyderabad,269
548320,Kolkata Knight Riders,Rajasthan Royals,268
729285,Sunrisers Hyderabad,Rajasthan Royals,268
419161,Kolkata Knight Riders,Mumbai Indians,268
1178431,Kolkata Knight Riders,Mumbai Indians,267
392229,Deccan Chargers,Punjab Kings,267
501263,Mumbai Indians,Rajasthan Royals,267
1254075,Kolkata Knight Riders,Rajasthan Royals,267
598071,Rajasthan Royals,Sunrisers Hyderabad,267
548323,Kolkata Knight Riders,Punjab Kings,266
392185,Royal Challengers Bangalore,Chennai Super Kings,266
829765,Chennai Super Kings,Kolkata Knight Riders,266
501215,Kochi Tuskers Kerala,Chennai Super Kings,266
598043,Kolkata Knight Riders,Rajasthan Royals,265
419158,Kolkata Knight Riders,Rajasthan Royals,265
1178419,Mumbai Indians,Chennai Super Kings,264
1304047,Chennai Super Kings,Kolkata Knight Riders,264
829749,Rajasthan Royals,Royal Challengers Bangalore,264
829809,Punjab Kings,Chennai Super Kings,264
1181764,Chennai Super Kings,Mumbai Indians,263
1359504,Gujarat Titans,Lucknow Super Giants,263
1254074,Mumbai Indians,Punjab Kings,263
1237178,Royal Challengers Bangalore,Sunrisers Hyderabad,263
1312200,Rajasthan Royals,Gujarat Titans,263
733971,Chennai Super Kings,Kolkata Knight Riders,262
419154,Rajasthan Royals,Royal Challengers Bangalore,262
598069,Sunrisers Hyderabad,Kolkata Knight Riders,262
729293,Chennai Super Kings,Delhi Capitals,261
1254112,Mumbai Indians,Delhi Capitals,261
335984,Delhi Capitals,Rajasthan Royals,261
392224,Royal Challengers Bangalore,Chennai Super Kings,261
1175371,Delhi Capitals,Sunrisers Hyderabad,260
501256,Mumbai Indians,Deccan Chargers,260
1304052,Kolkata Knight Riders,Royal Challengers Bangalore,260
501226,Chennai Super Kings,Pune Warriors,259
1304085,Rajasthan Royals,Royal Challengers Bangalore,259
598039,Sunrisers Hyderabad,Mumbai Indians,259
829727,Sunrisers Hyderabad,Rajasthan Royals,258
501219,Kolkata Knight Riders,Kochi Tuskers Kerala,258
598053,Pune Warriors,Kolkata Knight Riders,258
1082633,Royal Challengers Bangalore,Punjab Kings,257
1254092,Delhi Capitals,Kolkata Knight Riders,257
597998,Kolkata Knight Riders,Delhi Capitals,257
501266,Royal Challengers Bangalore,Chennai Super Kings,257
1082650,Mumbai Indians,Rising Pune Supergiants,257
1254106,Kolkata Knight Riders,Rajasthan Royals,256
1359502,Kolkata Knight Riders,Delhi Capitals,255
980967,Sunrisers Hyderabad,Gujarat Lions,255
548376,Deccan Chargers,Royal Challengers Bangalore,255
1136595,Royal Challengers Bangalore,Chennai Super Kings,255
1359518,Delhi Capitals,Gujarat Titans,255
548373,Deccan Chargers,Rajasthan Royals,254
548361,Rajasthan Royals,Chennai Super Kings,253
501247,Royal Challengers Bangalore,Kochi Tuskers Kerala,253
548335,Deccan Chargers,Kolkata Knight Riders,253
1082624,Rising Pune Supergiants,Royal Challengers Bangalore,253
336006,Royal Challengers Bangalore,Punjab Kings,253
336010,Kolkata Knight Riders,Royal Challengers Bangalore,253
1422132,Mumbai Indians,Rajasthan Royals,252
598020,Delhi Capitals,Chennai Super Kings,252
1136564,Rajasthan Royals,Sunrisers Hyderabad,252
729309,Delhi Capitals,Mumbai Indians,251
1136585,Sunrisers Hyderabad,Punjab Kings,251
548328,Punjab Kings,Kolkata Knight Riders,251
548358,Pune Warriors,Rajasthan Royals,251
1216533,Chennai Super Kings,Rajasthan Royals,251
729313,Punjab Kings,Royal Challengers Bangalore,251
392195,Punjab Kings,Rajasthan Royals,251
980985,Mumbai Indians,Punjab Kings,251
501251,Punjab Kings,Mumbai Indians,250
598014,Rajasthan Royals,Punjab Kings,250
598021,Sunrisers Hyderabad,Punjab Kings,250
1254078,Punjab Kings,Kolkata Knight Riders,249
981001,Gujarat Lions,Kolkata Knight Riders,249
598065,Sunrisers Hyderabad,Rajasthan Royals,249
336012,Royal Challengers Bangalore,Mumbai Indians,248
392219,Delhi Capitals,Kolkata Knight Riders,248
1359484,Sunrisers Hyderabad,Lucknow Super Giants,248
548370,Mumbai Indians,Kolkata Knight Riders,248
980901,Mumbai Indians,Rising Pune Supergiants,247
419163,Chennai Super Kings,Deccan Chargers,246
1254107,Punjab Kings,Sunrisers Hyderabad,245
336017,Kolkata Knight Riders,Delhi Capitals,243
598022,Kolkata Knight Riders,Chennai Super Kings,243
392226,Delhi Capitals,Punjab Kings,243
548371,Punjab Kings,Chennai Super Kings,243
501218,Mumbai Indians,Pune Warriors,242
1216502,Royal Challengers Bangalore,Sunrisers Hyderabad,241
598059,Delhi Capitals,Punjab Kings,241
1254071,Punjab Kings,Sunrisers Hyderabad,241
392222,Punjab Kings,Mumbai Indians,241
729307,Kolkata Knight Riders,Punjab Kings,241
1216498,Punjab Kings,Sunrisers Hyderabad,240
598023,Royal Challengers Bangalore,Rajasthan Royals,240
829801,Delhi Capitals,Chennai Super Kings,239
501248,Punjab Kings,Pune Warriors,239
501234,Kolkata Knight Riders,Punjab Kings,239
548351,Pune Warriors,Mumbai Indians,239
336029,Chennai Super Kings,Royal Challengers Bangalore,238
548375,Pune Warriors,Kolkata Knight Riders,238
501262,Pune Warriors,Kolkata Knight Riders,237
829767,Delhi Capitals,Punjab Kings,237
1359522,Rajasthan Royals,Gujarat Titans,237
392186,Punjab Kings,Kolkata Knight Riders,237
733989,Rajasthan Royals,Sunrisers Hyderabad,236
1178428,Rajasthan Royals,Delhi Capitals,236
392200,Punjab Kings,Mumbai Indians,235
1254109,Sunrisers Hyderabad,Kolkata Knight Riders,234
1304078,Punjab Kings,Delhi Capitals,234
734039,Punjab Kings,Delhi Capitals,234
392215,Delhi Capitals,Mumbai Indians,234
1359517,Royal Challengers Bangalore,Lucknow Super Giants,234
1178394,Mumbai Indians,Sunrisers Hyderabad,232
598057,Kolkata Knight Riders,Royal Challengers Bangalore,231
729287,Royal Challengers Bangalore,Mumbai Indians,231
548319,Punjab Kings,Pune Warriors,231
1359534,Royal Challengers Bangalore,Rajasthan Royals,230
1216521,Chennai Super Kings,Mumbai Indians,230
548308,Mumbai Indians,Pune Warriors,230
598000,Sunrisers Hyderabad,Pune Warriors,230
598010,Delhi Capitals,Sunrisers Hyderabad,229
548364,Chennai Super Kings,Delhi Capitals,229
336039,Chennai Super Kings,Punjab Kings,228
598055,Pune Warriors,Mumbai Indians,228
829815,Sunrisers Hyderabad,Mumbai Indians,227
598018,Pune Warriors,Sunrisers Hyderabad,227
1426312,Sunrisers Hyderabad,Kolkata Knight Riders,227
548306,Chennai Super Kings,Mumbai Indians,227
829771,Royal Challengers Bangalore,Kolkata Knight Riders,226
1304103,Gujarat Titans,Lucknow Super Giants,226
419155,Chennai Super Kings,Delhi Capitals,225
501202,Pune Warriors,Punjab Kings,225
980913,Delhi Capitals,Punjab Kings,224
419149,Delhi Capitals,Punjab Kings,223
335986,Kolkata Knight Riders,Deccan Chargers,222
548316,Delhi Capitals,Chennai Super Kings,221
1216535,Delhi Capitals,Mumbai Indians,221
501225,Rajasthan Royals,Kochi Tuskers Kerala,220
1178398,Kolkata Knight Riders,Chennai Super Kings,219
336005,Rajasthan Royals,Chennai Super Kings,219
598046,Mumbai Indians,Chennai Super Kings,218
1082649,Mumbai Indians,Kolkata Knight Riders,218
829807,Sunrisers Hyderabad,Royal Challengers Bangalore,218
1254065,Punjab Kings,Chennai Super Kings,213
1136566,Rajasthan Royals,Delhi Capitals,213
980943,Sunrisers Hyderabad,Rising Pune Supergiants,212
392213,Royal Challengers Bangalore,Rajasthan Royals,212
336022,Delhi Capitals,Punjab Kings,212
392234,Chennai Super Kings,Punjab Kings,208
336008,Mumbai Indians,Rajasthan Royals,207
392184,Deccan Chargers,Kolkata Knight Riders,205
1136583,Sunrisers Hyderabad,Mumbai Indians,205
336025,Kolkata Knight Riders,Chennai Super Kings,204
501229,Kochi Tuskers Kerala,Deccan Chargers,203
392233,Kolkata Knight Riders,Rajasthan Royals,203
548346,Mumbai Indians,Deccan Chargers,201
829763,Royal Challengers Bangalore,Rajasthan Royals,200
1304105,Chennai Super Kings,Mumbai Indians,200
598003,Pune Warriors,Punjab Kings,199
548307,Kolkata Knight Riders,Delhi Capitals,197
980997,Rising Pune Supergiants,Delhi Capitals,197
980903,Kolkata Knight Riders,Delhi Capitals,197
501258,Kochi Tuskers Kerala,Rajasthan Royals,195
829757,Delhi Capitals,Royal Challengers Bangalore,194
501255,Royal Challengers Bangalore,Kolkata Knight Riders,194
501201,Delhi Capitals,Mumbai Indians,194
392182,Royal Challengers Bangalore,Rajasthan Royals,191
829803,Punjab Kings,Royal Challengers Bangalore,190
829813,Royal Challengers Bangalore,Delhi Capitals,189
501231,Rajasthan Royals,Mumbai Indians,189
598068,Royal Challengers Bangalore,Chennai Super Kings,188
733993,Delhi Capitals,Sunrisers Hyderabad,187
1254087,Royal Challengers Bangalore,Kolkata Knight Riders,186
548325,Mumbai Indians,Delhi Capitals,185
419115,Royal Challengers Bangalore,Rajasthan Royals,185
1254093,Rajasthan Royals,Mumbai Indians,184
1426270,Gujarat Titans,Delhi Capitals,181
1136608,Punjab Kings,Royal Challengers Bangalore,180
1082617,Kolkata Knight Riders,Royal Challengers Bangalore,180
1082648,Sunrisers Hyderabad,Kolkata Knight Riders,176
501245,Kolkata Knight Riders,Chennai Super Kings,175
1216494,Kolkata Knight Riders,Royal Challengers Bangalore,169
980989,Kolkata Knight Riders,Rising Pune Supergiants,169
419164,Royal Challengers Bangalore,Deccan Chargers,168
501214,Kolkata Knight Riders,Rajasthan Royals,166
392183,Delhi Capitals,Punjab Kings,162
598044,Sunrisers Hyderabad,Delhi Capitals,161
1082645,Rising Pune Supergiants,Punjab Kings,151
729305,Rajasthan Royals,Royal Challengers Bangalore,141
1175356,Royal Challengers Bangalore,Chennai Super Kings,141
1304082,Royal Challengers Bangalore,Sunrisers Hyderabad,140
336021,Mumbai Indians,Kolkata Knight Riders,135
1082626,Punjab Kings,Delhi Capitals,135
1359519,Lucknow Super Giants,Chennai Super Kings,125
1178424,Royal Challengers Bangalore,Rajasthan Royals,103
501265,Delhi Capitals,Pune Warriors,56
