batter,total_runs,balls_faced,strike_rate
L Wood,9,3,300.0
B Stanlake,5,2,250.0
J Fraser-McGurk,330,141,234.04255319148936
R Sai Kishore,13,6,216.66666666666666
Umar Gul,39,19,205.26315789473685
RS Sodhi,4,2,200.0
R Shepherd,115,63,182.53968253968253
Naman Dhir,140,79,177.2151898734177
LJ Wright,106,60,176.66666666666666
Shahid Afridi,81,46,176.08695652173913
WG Jacks,230,131,175.57251908396947
PD Salt,653,372,175.53763440860214
I Malhotra,7,4,175.0
AD Russell,2488,1423,174.84188334504566
TM Head,772,444,173.87387387387386
T Stubbs,405,233,173.8197424892704
SB Dubey,33,19,173.6842105263158
ER Dwivedi,24,14,171.42857142857142
KK Cooper,116,68,170.58823529411765
TH David,659,387,170.28423772609818
AUK Pathan,39,23,169.56521739130434
BCJ Cutting,238,141,168.79432624113474
H Klaasen,993,590,168.3050847457627
Ashutosh Sharma,189,113,167.2566371681416
K Gowtham,247,148,166.89189189189187
Shivam Sharma,5,3,166.66666666666669
KMDN Kulasekara,5,3,166.66666666666669
Ramandeep Singh,170,102,166.66666666666669
SP Narine,1534,925,165.83783783783784
Kamran Akmal,128,78,164.1025641025641
Avesh Khan,41,25,164.0
BJ Haddin,18,11,163.63636363636365
CR Brathwaite,181,111,163.06306306306305
KJ Abbott,13,8,162.5
LS Livingstone,939,578,162.4567474048443
N Pooran,1769,1092,161.996336996337
Rashid Khan,545,337,161.72106824925817
Shashank Singh,423,262,161.45038167938932
R Ravindra,222,138,160.8695652173913
OC McCoy,8,5,160.0
AJ Hosein,16,10,160.0
RM Patidar,799,503,158.84691848906562
Akash Deep,19,12,158.33333333333331
D Pretorius,44,28,157.14285714285714
GJ Maxwell,2772,1769,156.69869983041266
JC Archer,199,128,155.46875
V Sehwag,2728,1755,155.44159544159544
CH Morris,618,398,155.27638190954772
Abhishek Sharma,1377,887,155.24239007891768
A Raghuvanshi,163,105,155.23809523809524
AP Dole,34,22,154.54545454545453
LPC Silva,40,26,153.84615384615387
C Green,707,460,153.69565217391303
RR Rossouw,473,308,153.57142857142858
PVD Chameera,43,28,153.57142857142858
SO Hetmyer,1243,812,153.07881773399015
Abishek Porel,360,236,152.54237288135593
Bipul Sharma,187,123,152.03252032520325
AB de Villiers,5181,3411,151.8909410729991
Dhruv Jurel,347,229,151.528384279476
JM Sharma,730,483,151.13871635610764
YBK Jaiswal,1607,1067,150.6091846298032
TU Deshpande,21,14,150.0
SD Hope,183,122,150.0
MA Wood,12,8,150.0
Harmeet Singh,18,12,150.0
PJ Cummins,515,344,149.7093023255814
CH Gayle,4997,3346,149.34249850567844
RR Pant,3297,2215,148.8487584650113
LH Ferguson,68,46,147.82608695652172
Arshad Khan,96,65,147.6923076923077
KA Pollard,3437,2329,147.57406612279948
R Powell,360,244,147.54098360655738
PP Shaw,1892,1283,147.4668745128605
JC Buttler,3583,2430,147.4485596707819
Atharva Taide,247,168,147.02380952380955
Vivrant Sharma,69,47,146.80851063829786
S Dube,1502,1024,146.6796875
D Wiese,148,101,146.53465346534654
Tilak Varma,1156,790,146.32911392405063
P Simran Singh,756,517,146.22823984526113
P Sahu,19,13,146.15384615384613
Abdul Samad,579,397,145.84382871536522
HH Pandya,2534,1739,145.71592869465212
Mohammad Nabi,221,152,145.39473684210526
SA Yadav,3594,2474,145.2708164915117
A Ashish Reddy,280,193,145.0777202072539
PBB Rajapaksa,277,191,145.0261780104712
JM Bairstow,1589,1100,144.45454545454547
Arjun Tendulkar,13,9,144.44444444444443
Misbah-ul-Haq,117,81,144.44444444444443
ST Jayasuriya,768,532,144.36090225563908
KR Mayers,379,263,144.106463878327
MF Maharoof,177,123,143.90243902439025
Umran Malik,23,16,143.75
YK Pathan,3222,2245,143.51893095768372
RK Singh,893,623,143.338683788122
MJ Lumb,278,194,143.29896907216494
Nithish Kumar Reddy,303,212,142.9245283018868
MP Stoinis,1866,1314,142.00913242009133
JA Morkel,975,687,141.92139737991266
HM Amla,577,407,141.76904176904176
MM Ali,1162,821,141.5347137637028
M Shahrukh Khan,553,391,141.43222506393863
MK Lomror,527,373,141.28686327077747
DP Conway,924,654,141.28440366972478
CA Lynn,1329,945,140.63492063492063
M Morkel,126,90,140.0
N Wadhera,350,250,140.0
V Viyaskanth,7,5,140.0
DA Warner,6567,4702,139.6639727775415
MS Gony,99,71,139.43661971830986
RA Tripathi,2236,1605,139.31464174454828
DA Miller,2924,2101,139.17182294145644
B Sai Sudharsan,1034,743,139.16554508748317
SV Samson,4419,3180,138.96226415094338
SN Thakur,307,221,138.91402714932127
RN ten Doeschate,326,235,138.72340425531914
Sunny Singh,43,31,138.70967741935485
JJ Roy,614,443,138.6004514672686
AN Ahmed,36,26,138.46153846153845
AC Gilchrist,2069,1495,138.39464882943145
B Akhil,76,55,138.1818181818182
SR Watson,3880,2813,137.93103448275863
Harbhajan Singh,833,604,137.91390728476821
MJ Guptill,271,197,137.56345177664974
MS Dhoni,5243,3812,137.53934942287515
AU Rashid,22,16,137.5
Yudhvir Singh,22,16,137.5
D Salunkhe,33,24,137.5
ML Hayden,1107,806,137.34491315136478
NLTC Perera,424,309,137.2168284789644
VR Iyer,1326,967,137.12512926577043
E Lewis,654,477,137.1069182389937
S Narwal,37,27,137.03703703703704
BJ Rohrer,193,141,136.8794326241135
RD Gaikwad,2380,1739,136.860264519839
SK Raina,5536,4046,136.82649530400394
SM Curran,883,647,136.47604327666153
F du Plessis,4571,3352,136.36634844868735
I Udana,15,11,136.36363636363635
JR Hopes,417,306,136.27450980392157
Ishan Kishan,2644,1946,135.86844809866392
Shubman Gill,3216,2370,135.69620253164555
DL Chahar,80,59,135.59322033898303
KD Karthik,4843,3580,135.27932960893853
DR Smith,2385,1764,135.20408163265304
R Parag,1173,868,135.13824884792626
JP Faulkner,527,390,135.12820512820514
N Rana,2636,1952,135.04098360655738
KP Pietersen,1001,743,134.72409152086138
R Tewatia,1013,752,134.70744680851064
C de Grandhomme,303,225,134.66666666666666
KL Rahul,4689,3485,134.54806312769009
Q de Kock,3160,2355,134.18259023354565
A Badoni,634,473,134.03805496828753
BA Stokes,935,698,133.9541547277937
Sikandar Raza,182,136,133.8235294117647
Rahmanullah Gurbaz,289,216,133.7962962962963
D Brevis,230,172,133.72093023255815
P Chopra,8,6,133.33333333333331
K Upadhyay,12,9,133.33333333333331
VRV Singh,4,3,133.33333333333331
CRD Fernando,4,3,133.33333333333331
DAJ Bracewell,12,9,133.33333333333331
JPR Scantlebury-Searles,8,6,133.33333333333331
AC Blizzard,120,90,133.33333333333331
MA Agarwal,2669,2002,133.3166833166833
SE Marsh,2489,1871,133.0304649919829
S Vidyut,145,109,133.0275229357798
PN Mankad,97,73,132.87671232876713
KH Pandya,1647,1240,132.82258064516128
A Manohar,231,174,132.75862068965517
SM Pollock,147,111,132.43243243243242
V Kohli,8014,6069,132.04811336299224
JD Ryder,604,458,131.87772925764193
BB McCullum,2882,2190,131.59817351598173
DJ Mitchell,351,267,131.46067415730337
RG Sharma,6630,5057,131.10539845758356
AR Patel,1653,1263,130.87885985748218
A Mithun,34,26,130.76923076923077
M Vohra,1083,829,130.63932448733414
SN Khan,585,448,130.58035714285714
RV Uthappa,4954,3801,130.33412259931595
PD Collingwood,203,156,130.12820512820514
OA Shah,506,389,130.0771208226221
A Symonds,974,750,129.86666666666667
Ankit Sharma,87,67,129.8507462686567
V Shankar,1115,859,129.80209545983703
Yuvraj Singh,2754,2122,129.78322337417532
RA Jadeja,2959,2280,129.78070175438597
AK Markram,995,767,129.72620599739244
SW Billings,503,388,129.63917525773198
SM Katich,241,186,129.56989247311827
DJ Bravo,1560,1204,129.56810631229237
DJ Hooda,1466,1132,129.5053003533569
TR Birt,75,58,129.31034482758622
STR Binny,880,683,128.84333821376282
SPD Smith,2495,1945,128.2776349614396
Azhar Mahmood,388,303,128.05280528052805
AJ Finch,2092,1635,127.95107033639144
B Lee,124,97,127.83505154639174
CL White,971,760,127.76315789473685
KK Nair,1496,1171,127.75405636208367
MR Marsh,665,521,127.6391554702495
WP Saha,2934,2300,127.56521739130436
AT Rayudu,4348,3409,127.54473452625403
SS Iyer,3131,2455,127.5356415478615
MV Boucher,394,309,127.50809061488673
Azmatullah Omarzai,42,33,127.27272727272727
CJ Anderson,538,423,127.18676122931443
MW Short,117,92,127.17391304347827
S Dhawan,6769,5326,127.09350356740518
UT Khawaja,127,100,127.0
MC Henriques,1000,788,126.90355329949239
Gulbadin Naib,19,15,126.66666666666666
LMP Simmons,1079,852,126.6431924882629
AC Voges,181,143,126.57342657342659
MN van Wyk,167,132,126.51515151515152
P Negi,365,289,126.29757785467129
S Sohal,368,292,126.02739726027397
AD Mathews,724,575,125.91304347826086
AS Yadav,49,39,125.64102564102564
KS Williamson,2132,1697,125.63347083087801
C Munro,177,141,125.53191489361701
AD Hales,148,118,125.42372881355932
BJ Hodge,1400,1118,125.22361359570662
A Choudhary,25,20,125.0
Arshad Khan (2),5,4,125.0
SA Asnodkar,423,339,124.7787610619469
Shakib Al Hasan,795,639,124.4131455399061
AP Tare,339,273,124.17582417582418
Sohail Tanvir,36,29,124.13793103448276
DH Yagnik,170,137,124.08759124087592
JP Duminy,2029,1636,124.02200488997555
G Gambhir,4217,3404,123.88366627497062
LRPL Taylor,1017,822,123.72262773722629
DPMD Jayawardene,1808,1464,123.49726775956285
AM Rahane,4642,3761,123.42462111140655
MG Bracewell,58,47,123.40425531914893
HC Brook,190,154,123.37662337662339
D Padikkal,1559,1266,123.1437598736177
KM Jadhav,1208,981,123.13965341488277
AB McDonald,123,100,123.0
DJ Hussey,1322,1075,122.97674418604652
Mandeep Singh,1706,1388,122.91066282420748
LA Pomersbach,302,246,122.76422764227641
JO Holder,259,211,122.74881516587676
HV Patel,249,203,122.66009852216749
MEK Hussey,1977,1612,122.64267990074443
Harpreet Brar,233,190,122.63157894736842
EJG Morgan,1406,1148,122.47386759581882
DJG Sammy,295,241,122.40663900414938
DNT Zoysa,11,9,122.22222222222223
SA Abbott,22,18,122.22222222222223
KS Bharat,199,163,122.08588957055215
Sachin Baby,144,118,122.03389830508475
GJ Bailey,663,544,121.875
Shahbaz Ahmed,536,440,121.81818181818183
M Vijay,2619,2150,121.81395348837209
MJ McClenaghan,85,70,121.42857142857142
MK Pandey,3859,3183,121.2378259503613
KC Sangakkara,1687,1392,121.19252873563218
Gurkeerat Singh,511,422,121.09004739336493
IK Pathan,1150,950,121.05263157894737
Anmolpreet Singh,139,115,120.8695652173913
PC Valthaty,505,418,120.8133971291866
PA Patel,2848,2358,120.78032230703985
R Bhatia,342,284,120.4225352112676
S Anirudha,136,113,120.35398230088497
SS Tiwary,1494,1244,120.09646302250805
Saurav Chauhan,18,15,120.0
DM Bravo,6,5,120.0
Joginder Sharma,36,30,120.0
Salman Butt,193,161,119.87577639751552
SR Tendulkar,2334,1948,119.81519507186857
AJ Tye,91,76,119.73684210526316
KV Sharma,351,294,119.38775510204083
T Taibu,31,26,119.23076923076923
LA Carseldine,81,68,119.11764705882352
Anuj Rawat,318,267,119.10112359550563
Sanvir Singh,25,21,119.04761904761905
S Badrinath,1441,1212,118.8943894389439
SS Prabhudessai,126,106,118.86792452830188
SP Fleming,196,165,118.7878787878788
TK Curran,127,107,118.69158878504673
JD Unadkat,197,166,118.67469879518073
Sameer Rizvi,51,43,118.6046511627907
R Ashwin,800,675,118.5185185185185
NV Ojha,1554,1313,118.35491241431835
DB Ravi Teja,375,317,118.29652996845425
KA Jamieson,65,55,118.18181818181819
NL McCullum,26,22,118.18181818181819
GD Phillips,65,55,118.18181818181819
Y Venugopal Rao,985,836,117.82296650717703
TL Suman,676,575,117.56521739130434
RS Bopara,531,453,117.21854304635761
A Flintoff,62,53,116.98113207547169
MK Tiwary,1695,1449,116.97722567287785
R Sathish,270,231,116.88311688311688
Vijaykumar Vyshak,14,12,116.66666666666667
DB Das,304,261,116.47509578544062
AM Nayar,672,577,116.46447140381282
Washington Sundar,378,325,116.3076923076923
AB Agarkar,179,154,116.23376623376625
AS Raut,194,167,116.1676646706587
DJM Short,115,99,116.16161616161615
OF Smith,51,44,115.90909090909092
LR Shukla,405,350,115.71428571428572
DT Christian,460,398,115.57788944723617
R Dravid,2174,1882,115.5154091392136
SD Lad,15,13,115.38461538461537
JL Pattinson,15,13,115.38461538461537
J Suchith,70,61,114.75409836065573
TM Dilshan,1153,1007,114.49851042701091
AP Majumdar,87,76,114.4736842105263
BR Dunk,40,35,114.28571428571428
M Markande,48,42,114.28571428571428
KC Cariappa,24,21,114.28571428571428
MD Mishra,237,208,113.9423076923077
J Botha,409,359,113.9275766016713
NM Coulter-Nile,82,72,113.88888888888889
CA Ingram,205,180,113.88888888888889
RE Levi,83,73,113.69863013698631
MS Bisla,798,702,113.67521367521367
Swapnil Singh,51,45,113.33333333333333
PK Garg,273,241,113.27800829875518
R Vinay Kumar,310,274,113.13868613138686
TL Seifert,26,23,113.04347826086956
RE van der Merwe,159,141,112.7659574468085
CM Gautam,169,150,112.66666666666667
AL Menaria,401,356,112.64044943820224
AA Kulkarni,9,8,112.5
JJ van der Wath,18,16,112.5
S Rana,91,81,112.34567901234568
R Dhawan,210,187,112.29946524064172
TG Southee,120,107,112.14953271028037
R Bishnoi,19,17,111.76470588235294
Y Gnaneswara Rao,19,17,111.76470588235294
B Chipli,280,251,111.55378486055776
VH Zol,29,26,111.53846153846155
J Syed Mohammad,29,26,111.53846153846155
SD Chitnis,99,89,111.23595505617978
RR Raje,20,18,111.11111111111111
J Yadav,40,36,111.11111111111111
KAJ Roach,10,9,111.11111111111111
WPUJC Vaas,81,73,110.95890410958904
PP Chawla,624,563,110.8348134991119
Shoaib Malik,52,47,110.63829787234043
GC Smith,739,668,110.62874251497006
BB Samantray,125,113,110.61946902654867
Aman Hakim Khan,115,104,110.57692307692308
AT Carey,32,29,110.34482758620689
N Jagadeesan,162,147,110.20408163265304
Y Nagar,285,259,110.03861003861005
DJ Harris,111,101,109.9009900990099
HH Gibbs,886,807,109.78934324659231
RV Patel,80,73,109.58904109589041
M Manhas,514,470,109.36170212765957
JH Kallis,2427,2222,109.22592259225922
AA Chavan,12,11,109.09090909090908
MA Khote,24,22,109.09090909090908
JEC Franklin,327,301,108.63787375415282
AS Roy,26,24,108.33333333333333
JM Kemp,26,24,108.33333333333333
P Kumar,340,314,108.28025477707006
YV Takawale,192,178,107.86516853932584
MDKJ Perera,14,13,107.6923076923077
F Behardien,14,13,107.6923076923077
W Jaffer,130,121,107.43801652892562
DL Vettori,121,113,107.07964601769913
SP Jackson,61,57,107.01754385964912
SC Ganguly,1349,1263,106.80918448139352
K Rabada,206,193,106.73575129533678
RJ Peterson,32,30,106.66666666666667
S Gopal,180,169,106.50887573964498
TA Boult,83,78,106.41025641025641
FY Fazal,183,173,105.78034682080926
VVS Laxman,282,267,105.61797752808988
AC Thomas,20,19,105.26315789473684
CJ Jordan,81,77,105.1948051948052
Lalit Yadav,305,290,105.17241379310344
Iqbal Abdulla,88,84,104.76190476190477
RR Powar,67,64,104.6875
M Kartik,113,108,104.62962962962963
RJ Harris,117,112,104.46428571428572
DW Steyn,167,160,104.375
MJ Clarke,98,94,104.25531914893618
Mohsin Khan,25,24,104.16666666666667
RD Chahar,129,124,104.03225806451613
M Kaif,259,250,103.60000000000001
S Aravind,59,57,103.50877192982458
UT Yadav,208,201,103.48258706467661
MS Wade,183,177,103.38983050847457
Harpreet Singh,123,119,103.36134453781514
AA Jhunjhunwala,217,210,103.33333333333334
PA Reddy,164,160,102.49999999999999
R Rampaul,51,50,102.0
SE Rutherford,106,104,101.92307692307692
MG Johnson,167,164,101.82926829268293
NK Patel,121,119,101.68067226890756
HR Shokeen,66,65,101.53846153846153
CR Woakes,78,77,101.29870129870129
JR Philippe,78,77,101.29870129870129
AD Mascarenhas,79,78,101.28205128205127
PR Shah,92,91,101.0989010989011
RJ Quiney,103,102,100.98039215686273
AB Barath,42,42,100.0
Liton Das,4,4,100.0
DR Sams,44,44,100.0
L Ronchi,34,34,100.0
Abdul Basith,1,1,100.0
KB Arun Karthik,51,51,100.0
VS Malik,7,7,100.0
VS Yeligati,2,2,100.0
MD Shanaka,26,26,100.0
DG Nalkande,12,12,100.0
AR Bawne,12,12,100.0
DP Vijaykumar,1,1,100.0
RJ Gleeson,2,2,100.0
DJ Malan,26,26,100.0
RG More,2,2,100.0
A Nortje,49,49,100.0
UBT Chand,300,300,100.0
A Kamboj,2,2,100.0
JE Taylor,3,3,100.0
J Arunkumar,23,23,100.0
DS Lehmann,18,18,100.0
DT Patil,13,13,100.0
M Theekshana,7,7,100.0
Mukesh Choudhary,6,6,100.0
NJ Rimmington,1,1,100.0
Rasikh Salam,40,40,100.0
Mashrafe Mortaza,2,2,100.0
SJ Srivastava,5,5,100.0
GB Hogg,22,22,100.0
SZ Mulani,1,1,100.0
M Jansen,66,66,100.0
CA Pujara,390,391,99.74424552429667
SP Goswami,293,295,99.32203389830508
N Saini,140,141,99.29078014184397
JDS Neesham,92,93,98.9247311827957
PWH de Silva,72,73,98.63013698630137
MJ Santner,70,71,98.59154929577466
SB Styris,131,133,98.49624060150376
Vishnu Vinod,56,57,98.24561403508771
JDP Oram,106,108,98.14814814814815
RV Gomez,50,51,98.0392156862745
MC Juneja,125,128,97.65625
RR Sarwan,73,75,97.33333333333334
SB Jakati,28,29,96.55172413793103
MA Starc,105,109,96.3302752293578
DS Kulkarni,104,108,96.29629629629629
Anirudh Singh,63,66,95.45454545454545
NJ Maddinson,20,21,95.23809523809523
MM Patel,39,41,95.1219512195122
M Klinger,73,77,94.8051948051948
B Sumanth,35,37,94.5945945945946
K Goel,218,231,94.37229437229438
DJ Jacobs,92,98,93.87755102040816
B Kumar,306,326,93.86503067484662
GR Napier,15,16,93.75
Mohammed Shami,74,79,93.67088607594937
MN Samuels,161,172,93.6046511627907
MM Sharma,124,133,93.23308270676691
R McLaren,159,171,92.98245614035088
SK Warne,198,214,92.5233644859813
KW Richardson,36,39,92.3076923076923
P Dogra,127,138,92.02898550724638
AD Nath,90,98,91.83673469387756
HE van der Dussen,22,24,91.66666666666666
Mohammed Siraj,109,119,91.59663865546219
Basil Thampi,32,35,91.42857142857143
DE Bollinger,21,23,91.30434782608695
Shivam Mavi,51,56,91.07142857142857
A Mishra,381,419,90.9307875894988
AA Noffke,9,10,90.0
T Banton,18,20,90.0
Imran Tahir,33,37,89.1891891891892
Navdeep Saini,33,37,89.1891891891892
SL Malinga,88,99,88.88888888888889
T Kohler-Cadmore,48,54,88.88888888888889
CK Langeveldt,8,9,88.88888888888889
GH Vihari,284,321,88.47352024922118
SW Tait,23,26,88.46153846153845
R Sharma,66,75,88.0
Simarjeet Singh,7,8,87.5
AN Ghosh,7,8,87.5
JJ Bumrah,68,78,87.17948717948718
A Mukund,19,22,86.36363636363636
S Sriram,31,36,86.11111111111111
SS Shaikh,6,7,85.71428571428571
BA Bhatt,6,7,85.71428571428571
AJ Turner,24,28,85.71428571428571
SH Johnson,6,7,85.71428571428571
DJ Willey,53,62,85.48387096774194
BMAJ Mendis,23,27,85.18518518518519
Parvez Rasool,17,20,85.0
Kuldeep Yadav,183,216,84.72222222222221
SB Bangar,49,58,84.48275862068965
AG Paunikar,49,58,84.48275862068965
AS Joseph,27,32,84.375
CJ Ferguson,98,117,83.76068376068376
J Theron,10,12,83.33333333333334
Z Khan,117,141,82.97872340425532
R Shukla,19,23,82.6086956521739
I Sharma,57,69,82.6086956521739
Kartik Tyagi,13,16,81.25
WD Parnell,65,80,81.25
AA Bilakhia,69,85,81.17647058823529
S Chanderpaul,25,31,80.64516129032258
Mujeeb Ur Rahman,12,15,80.0
GD McGrath,4,5,80.0
A Dananjaya,4,5,80.0
Akash Madhwal,4,5,80.0
FH Edwards,4,5,80.0
M Rawat,55,69,79.71014492753623
AF Milne,23,29,79.3103448275862
P Ray Barman,19,24,79.16666666666666
DR Martyn,19,24,79.16666666666666
C Madan,15,19,78.94736842105263
RA Bawa,11,14,78.57142857142857
IR Jaggi,76,97,78.35051546391753
Ankit Soni,7,9,77.77777777777779
Tanush Kotian,24,31,77.41935483870968
Sandeep Sharma,54,70,77.14285714285715
Mohammad Hafeez,64,83,77.10843373493977
D du Preez,10,13,76.92307692307693
Anureet Singh,36,47,76.59574468085107
DR Shorey,13,17,76.47058823529412
NT Ellis,19,25,76.0
Sumit Kumar,18,24,75.0
KMA Paul,18,24,75.0
S Tyagi,3,4,75.0
K Kartikeya,9,12,75.0
WA Mota,56,75,74.66666666666667
A Chopra,53,71,74.64788732394366
A Kumble,35,47,74.46808510638297
FA Allen,14,19,73.68421052631578
DJ Thornely,39,53,73.58490566037736
L Balaji,36,49,73.46938775510205
D Ferreira,8,11,72.72727272727273
Jaskaran Singh,8,11,72.72727272727273
TM Srivastava,8,11,72.72727272727273
Arshdeep Singh,29,40,72.5
Noor Ahmad,13,18,72.22222222222221
Naveen-ul-Haq,18,25,72.0
AG Murtaza,10,14,71.42857142857143
BB Sran,10,14,71.42857142857143
Yashpal Singh,47,66,71.21212121212122
SK Trivedi,42,59,71.1864406779661
RT Ponting,91,128,71.09375
Karanveer Singh,12,17,70.58823529411765
M Ashwin,35,50,70.0
B Indrajith,21,30,70.0
P Dubey,23,33,69.6969696969697
CK Kapugedera,16,23,69.56521739130434
YV Dhull,16,23,69.56521739130434
VR Aaron,50,72,69.44444444444444
T Henderson,11,16,68.75
RP Singh,52,76,68.42105263157895
JR Hazlewood,19,28,67.85714285714286
SB Wagh,2,3,66.66666666666666
JP Behrendorff,6,9,66.66666666666666
KL Nagarkoti,22,33,66.66666666666666
Harshit Rana,2,3,66.66666666666666
M Muralitharan,20,30,66.66666666666666
Shivam Singh,2,3,66.66666666666666
T Thushara,12,18,66.66666666666666
JE Root,10,15,66.66666666666666
A Nehra,41,62,66.12903225806451
JA Richardson,17,26,65.38461538461539
C Sakariya,20,31,64.51612903225806
SM Harwood,9,14,64.28571428571429
KS Sharma,16,25,64.0
Ravi Bishnoi,32,50,64.0
G Coetzee,14,22,63.63636363636363
AS Rajpoot,26,41,63.41463414634146
A Zampa,15,24,62.5
NS Naik,31,50,62.0
S Sreesanth,34,55,61.81818181818181
M Ntini,11,18,61.111111111111114
Kamran Khan,3,5,60.0
T Natarajan,3,5,60.0
PJ Sangwan,26,44,59.09090909090909
X Thalaivan Sargunam,10,17,58.82352941176471
SMSM Senanayake,10,17,58.82352941176471
Pankaj Singh,7,12,58.333333333333336
T Kohli,11,19,57.89473684210527
Virat Singh,15,26,57.692307692307686
A Uniyal,4,7,57.14285714285714
TS Mills,8,14,57.14285714285714
A Chandila,4,7,57.14285714285714
S Badree,13,23,56.52173913043478
Mustafizur Rahman,13,23,56.52173913043478
VG Arora,9,16,56.25
Mukesh Kumar,10,18,55.55555555555556
S Kaul,20,36,55.55555555555556
VY Mahesh,15,27,55.55555555555556
CV Varun,25,46,54.347826086956516
AB Dinda,26,48,54.166666666666664
CJ McKay,8,15,53.333333333333336
R Ninan,3,6,50.0
GHS Garton,2,4,50.0
PSP Handscomb,6,12,50.0
UA Birla,7,14,50.0
PM Sarvesh Kumar,1,2,50.0
RJW Topley,3,6,50.0
BAW Mendis,3,6,50.0
KP Appanna,2,4,50.0
LB Williams,1,2,50.0
MJ Suthar,1,2,50.0
M de Lange,1,2,50.0
Mohit Rathee,1,2,50.0
P Parameswaran,1,2,50.0
S Randiv,2,4,50.0
Mohammad Asif,3,6,50.0
KA Maharaj,1,2,50.0
T Shamsi,2,4,50.0
A Tomar,4,8,50.0
SE Bond,1,2,50.0
PV Tambe,18,39,46.15384615384615
S Nadeem,39,87,44.827586206896555
YS Chahal,37,86,43.02325581395349
Younis Khan,3,7,42.857142857142854
Kumar Kushagra,3,7,42.857142857142854
SB Joshi,6,14,42.857142857142854
GC Viljoen,3,7,42.857142857142854
IS Sodhi,7,17,41.17647058823529
BR Sharath,2,5,40.0
H Das,2,5,40.0
TD Paine,10,26,38.46153846153847
B Laughlin,5,13,38.46153846153847
RK Bhui,10,26,38.46153846153847
D Kalyankrishna,3,8,37.5
M Prasidh Krishna,9,24,37.5
P Awana,5,14,35.714285714285715
PP Ojha,16,45,35.55555555555556
BE Hendricks,1,3,33.33333333333333
DJ Muthuswami,1,3,33.33333333333333
LE Plunkett,1,3,33.33333333333333
DP Nannes,4,13,30.76923076923077
Shoaib Akhtar,2,7,28.57142857142857
RS Gavaskar,2,8,25.0
Fazalhaq Farooqi,3,13,23.076923076923077
A Singh,2,10,20.0
Mohammad Ashraful,2,10,20.0
HF Gurney,1,5,20.0
Shoaib Ahmed,1,6,16.666666666666664
KK Ahmed,1,7,14.285714285714285
RR Bhatkal,0,2,0.0
YA Abdulla,0,1,0.0
RP Meredith,0,3,0.0
R Sanjay Yadav,0,2,0.0
U Kaul,0,1,0.0
Y Prithvi Raj,0,1,0.0
Yash Dayal,0,1,0.0
K Yadav,0,4,0.0
IC Pandey,0,2,0.0
S Kaushik,0,1,0.0
S Ladda,0,9,0.0
S Lamichhane,0,1,0.0
ND Doshi,0,13,0.0
Mayank Dagar,0,1,0.0
L Ablish,0,2,0.0
KR Sen,0,3,0.0
KM Asif,0,2,0.0
C Nanda,0,1,0.0
Abdur Razzak,0,2,0.0
JL Denly,0,1,0.0
SS Cottrell,0,2,0.0
V Pratap Singh,0,1,0.0
Sunny Gupta,0,1,0.0
